출시일,요약모델,펫네임,키워드,Content
24년 4월,SM-A156,갤럭시 버디3,"갤럭시버디3,BUDDY3,갤버디3,GalaxyBuddy3,galaxybudy3,갤락시버디3,겔록시버디3,겔럭시버디3,겔럭시Buddy3,Galaxy,갤럭시,버디3,바디3,","출시일 : 24년 4월, 요약모델 : SM-A156, 펫네임 : 갤럭시 버디3, 키워드 : 갤럭시버디3,BUDDY3,갤버디3,GalaxyBuddy3,galaxybudy3,갤락시버디3,겔록시버디3,겔럭시버디3,겔럭시Buddy3,Galaxy,갤럭시,버디3,바디3,"
24년 3월,SM-A155,갤럭시 A15 LTE,"갤럭시A15,갤럭시A15LTE,GalaxyA15,GalaxyA15,GalaxyA15LTE,갤럭시A155,A155,SM-A155,A15 LTE,Galaxy,갤럭시,a15,갤A15","출시일 : 24년 3월, 요약모델 : SM-A155, 펫네임 : 갤럭시 A15 LTE, 키워드 : 갤럭시A15,갤럭시A15LTE,GalaxyA15,GalaxyA15,GalaxyA15LTE,갤럭시A155,A155,SM-A155,A15 LTE,Galaxy,갤럭시,a15,갤A15"
24년 1월,SM-A256,갤럭시 A25 5G,"갤럭시A25,GalaxyA25,A256,갤A25,에이25,갤락시a25,갤럭시256,SM-A256,GalaxyA256,갤럭시A256,갤A25,Galaxy,갤럭시,a25 5g,A256 5G","출시일 : 24년 1월, 요약모델 : SM-A256, 펫네임 : 갤럭시 A25 5G, 키워드 : 갤럭시A25,GalaxyA25,A256,갤A25,에이25,갤락시a25,갤럭시256,SM-A256,GalaxyA256,갤럭시A256,갤A25,Galaxy,갤럭시,a25 5g,A256 5G"
24년 1월,SM-S921,갤럭시 S24,"갤럭시S24,GALAXYS24,갤S24,에스24,galaxys24,갤S911,S911,겔록시S24,갤락시S24,Galaxy,갤럭시,S24,갤s24,삼성s24,갤럭시 s24,겔에스24,겔록시에스24,","출시일 : 24년 1월, 요약모델 : SM-S921, 펫네임 : 갤럭시 S24, 키워드 : 갤럭시S24,GALAXYS24,갤S24,에스24,galaxys24,갤S911,S911,겔록시S24,갤락시S24,Galaxy,갤럭시,S24,갤s24,삼성s24,갤럭시 s24,겔에스24,겔록시에스24,"
24년 1월,SM-S926,갤럭시 S24+,"갤럭시S24+,S24+,S24플러스,갤24+,에스24+,S24PLUS,GALAXYS24+,GalaxyS24플러스,galaxys24+,갤24플러스,S916,갤럭시S916,갤럭시S24+,Galaxy,갤럭시S24플라스,","출시일 : 24년 1월, 요약모델 : SM-S926, 펫네임 : 갤럭시 S24+, 키워드 : 갤럭시S24+,S24+,S24플러스,갤24+,에스24+,S24PLUS,GALAXYS24+,GalaxyS24플러스,galaxys24+,갤24플러스,S916,갤럭시S916,갤럭시S24+,Galaxy,갤럭시S24플라스,"
24년 1월,SM-S928,갤럭시 S24 Ultra,"갤럭시S24 울트라,갤럭시 S24 울트라,S24 울트라,갤럭시S24울트라,S24 울트라,갤럭시S24울트라,갤럭시24Ultra,갤S24울트라,삼성갤S24울트라,갤24Ultra,에스24Ultra,S24울트라,Galaxy24울트라,s918,GALAXYS918,갤록시s24u,S24U,GalaxyS24U,Galaxy,갤럭시s24울트라,갤럭시S24U,갤s24울,갤럭시 S24 울트라,에스24울트라,에스24,갤에스24울트라,갤S24울트라,","출시일 : 24년 1월, 요약모델 : SM-S928, 펫네임 : 갤럭시 S24 Ultra, 키워드 : 갤럭시S24 울트라,갤럭시 S24 울트라,S24 울트라,갤럭시S24울트라,S24 울트라,갤럭시S24울트라,갤럭시24Ultra,갤S24울트라,삼성갤S24울트라,갤24Ultra,에스24Ultra,S24울트라,Galaxy24울트라,s918,GALAXYS918,갤록시s24u,S24U,GalaxyS24U,Galaxy,갤럭시s24울트라,갤럭시S24U,갤s24울,갤럭시 S24 울트라,에스24울트라,에스24,갤에스24울트라,갤S24울트라,"
24년 1월,SM-X510,갤럭시 탭 S9 FE Wi-Fi,"갤럭시,갤럭시탭,갤럭시탭 S9,탭S9,탭S9FE,TAB S9FE,TAB S9,TAB S9 FE,탭 S9 FE,갤럭시탭 S9 WIFI,탭S9 Wi-Fi,탭S9FE wifi,TAB S9FE wi-fi,TAB S9 wifi,TAB S9 FE WIFI,탭 S9 FE Wi-Fi,","출시일 : 24년 1월, 요약모델 : SM-X510, 펫네임 : 갤럭시 탭 S9 FE Wi-Fi, 키워드 : 갤럭시,갤럭시탭,갤럭시탭 S9,탭S9,탭S9FE,TAB S9FE,TAB S9,TAB S9 FE,탭 S9 FE,갤럭시탭 S9 WIFI,탭S9 Wi-Fi,탭S9FE wifi,TAB S9FE wi-fi,TAB S9 wifi,TAB S9 FE WIFI,탭 S9 FE Wi-Fi,"
24년 1월,SM-X516,갤럭시 탭 S9 FE 5G,"갤럭시,갤럭시탭,갤럭시탭 S9,탭S9,탭S9FE,TAB S9FE,TAB S9,TAB S9 FE,탭 S9 FE,탭 S9FE 5G,TAB S9 FE 5G,탭S9FE5G,","출시일 : 24년 1월, 요약모델 : SM-X516, 펫네임 : 갤럭시 탭 S9 FE 5G, 키워드 : 갤럭시,갤럭시탭,갤럭시탭 S9,탭S9,탭S9FE,TAB S9FE,TAB S9,TAB S9 FE,탭 S9 FE,탭 S9FE 5G,TAB S9 FE 5G,탭S9FE5G,"
24년 1월,SM-X610,갤럭시 탭 S9 FE+ Wi-Fi,"갤럭시,갤럭시탭,갤럭시탭 S9+,탭S9+,탭S9FE+,TAB S9FE+wifi,TAB S9+ wifi,TAB S9 FE+ Wi-Fi,탭 S9 FE+ WIFI,TAB S9 FE+WIFI,","출시일 : 24년 1월, 요약모델 : SM-X610, 펫네임 : 갤럭시 탭 S9 FE+ Wi-Fi, 키워드 : 갤럭시,갤럭시탭,갤럭시탭 S9+,탭S9+,탭S9FE+,TAB S9FE+wifi,TAB S9+ wifi,TAB S9 FE+ Wi-Fi,탭 S9 FE+ WIFI,TAB S9 FE+WIFI,"
24년 1월,SM-X616,갤럭시 탭 S9 FE+ 5G,"갤럭시,갤럭시탭,갤럭시탭 S9+,탭S9+,탭S9FE+,TAB S9FE+,TAB S9+,TAB S9 FE+,탭 S9 FE+,tab S9 FE+ 5G,","출시일 : 24년 1월, 요약모델 : SM-X616, 펫네임 : 갤럭시 탭 S9 FE+ 5G, 키워드 : 갤럭시,갤럭시탭,갤럭시탭 S9+,탭S9+,탭S9FE+,TAB S9FE+,TAB S9+,TAB S9 FE+,탭 S9 FE+,tab S9 FE+ 5G,"
23년 12월,SM-S711,갤럭시 S23 FE,"S23FE,S23 FE,갤럭시 S23,Galaxy S23,s23fe,갤s23,갤S23 FE,S711,SMS711,SM-S711,갤럭시S711,갤럭시","출시일 : 23년 12월, 요약모델 : SM-S711, 펫네임 : 갤럭시 S23 FE, 키워드 : S23FE,S23 FE,갤럭시 S23,Galaxy S23,s23fe,갤s23,갤S23 FE,S711,SMS711,SM-S711,갤럭시S711,갤럭시"
23년 11월,SM-M446,갤럭시 점프3,"SM-M446,갤럭시 점프3,JUMP3,점프3,갤점프3,Galaxy jump3,갤럭시점프,갤점프,Galaxy,갤럭시,M446,점프 3,갤점프,갤럭시,","출시일 : 23년 11월, 요약모델 : SM-M446, 펫네임 : 갤럭시 점프3, 키워드 : SM-M446,갤럭시 점프3,JUMP3,점프3,갤점프3,Galaxy jump3,갤럭시점프,갤점프,Galaxy,갤럭시,M446,점프 3,갤점프,갤럭시,"
23년 11월,SM-X210,갤럭시 탭 A9+ Wi-Fi,"SM-X210,X210,TAB A9+,GALAXY A9+,galaxya9+,TABA9WIFI,갤럭시탭 A9+,A9PLUS,Galaxy,갤럭시,탭A9,탭A9+,탭 A9,탭a9,tab a9,a9+ wifi,a9 wifi,tab x210,탭 x210,탭X210,","출시일 : 23년 11월, 요약모델 : SM-X210, 펫네임 : 갤럭시 탭 A9+ Wi-Fi, 키워드 : SM-X210,X210,TAB A9+,GALAXY A9+,galaxya9+,TABA9WIFI,갤럭시탭 A9+,A9PLUS,Galaxy,갤럭시,탭A9,탭A9+,탭 A9,탭a9,tab a9,a9+ wifi,a9 wifi,tab x210,탭 x210,탭X210,"
23년 11월,SM-X216,갤럭시 탭 A9+ 5G,"SM-X216,TAB A9+,GALAXY A9+,galaxya9+,TABA9WIFI,갤럭시탭 A9+,A9PLUS,Galaxy,갤럭시,탭A9,탭A9+,탭a9,a9+5g,a9plus,a9 plus,a9 +,tab x216,탭 x216,","출시일 : 23년 11월, 요약모델 : SM-X216, 펫네임 : 갤럭시 탭 A9+ 5G, 키워드 : SM-X216,TAB A9+,GALAXY A9+,galaxya9+,TABA9WIFI,갤럭시탭 A9+,A9PLUS,Galaxy,갤럭시,탭A9,탭A9+,탭a9,a9+5g,a9plus,a9 plus,a9 +,tab x216,탭 x216,"
23년 08월,SM-R930,갤럭시 워치6 40mm 블루투스,"갤럭시워치6,워치640mm,워치6블루투스,워치6Bluetooth,워치640미리,갤워치6,갤워치40mm,갤워치6블루투스,GalaxyWatch6,Watch6,갤워치640mm,watch640미리,SM-R930,R930,갤럭시 워치6,Galaxy,갤럭시,","출시일 : 23년 08월, 요약모델 : SM-R930, 펫네임 : 갤럭시 워치6 40mm 블루투스, 키워드 : 갤럭시워치6,워치640mm,워치6블루투스,워치6Bluetooth,워치640미리,갤워치6,갤워치40mm,갤워치6블루투스,GalaxyWatch6,Watch6,갤워치640mm,watch640미리,SM-R930,R930,갤럭시 워치6,Galaxy,갤럭시,"
23년 08월,SM-R935,갤럭시 워치6 40mm LTE,"워치640mm,워치6LTE,워치6LTE,워치640미리,갤워치6,갤럭시워치6,갤럭시워치6,갤럭시워치6LTE,갤럭시워치6개통향,GalaxyWatch6,GALAXYWATCH6,Watch640mm,SM-R935,R935,워치6 40mm,워치6 LTE,워치 6 LTE,워치6 40미리,갤워치 6,갤럭시 워치 6,갤럭시 워치6,갤럭시워치6 LTE,갤럭시워치 6 개통향,Galaxy Watch6,GALAXY WATCH 6,Watch6 40mm,SM-R935,R 935,Galaxy,갤럭시,","출시일 : 23년 08월, 요약모델 : SM-R935, 펫네임 : 갤럭시 워치6 40mm LTE, 키워드 : 워치640mm,워치6LTE,워치6LTE,워치640미리,갤워치6,갤럭시워치6,갤럭시워치6,갤럭시워치6LTE,갤럭시워치6개통향,GalaxyWatch6,GALAXYWATCH6,Watch640mm,SM-R935,R935,워치6 40mm,워치6 LTE,워치 6 LTE,워치6 40미리,갤워치 6,갤럭시 워치 6,갤럭시 워치6,갤럭시워치6 LTE,갤럭시워치 6 개통향,Galaxy Watch6,GALAXY WATCH 6,Watch6 40mm,SM-R935,R 935,Galaxy,갤럭시,"
23년 08월,SM-R940,갤럭시 워치6 44mm 블루투스,"워치644mm,워치6블루투스,워치6Bluetooth,워치644미리,갤워치6,갤워치44mm,갤워치6블루투스,GalaxyWatch6,Watch6,갤워치644mm,watch644미리,SM-R940,R940,갤럭시 워치6,Galaxy,갤럭시,","출시일 : 23년 08월, 요약모델 : SM-R940, 펫네임 : 갤럭시 워치6 44mm 블루투스, 키워드 : 워치644mm,워치6블루투스,워치6Bluetooth,워치644미리,갤워치6,갤워치44mm,갤워치6블루투스,GalaxyWatch6,Watch6,갤워치644mm,watch644미리,SM-R940,R940,갤럭시 워치6,Galaxy,갤럭시,"
23년 08월,SM-R945,갤럭시 워치6 44mm LTE,"워치644mm,워치6LTE,워치6LTE,워치644미리,갤워치6,갤럭시워치6,갤럭시워치6,갤럭시워치6LTE,갤럭시워치6개통향,GalaxyWatch6,GALAXYWATCH6,Watch644mm,SM-R945,R945,갤럭시 워치6,Galaxy,갤럭시,","출시일 : 23년 08월, 요약모델 : SM-R945, 펫네임 : 갤럭시 워치6 44mm LTE, 키워드 : 워치644mm,워치6LTE,워치6LTE,워치644미리,갤워치6,갤럭시워치6,갤럭시워치6,갤럭시워치6LTE,갤럭시워치6개통향,GalaxyWatch6,GALAXYWATCH6,Watch644mm,SM-R945,R945,갤럭시 워치6,Galaxy,갤럭시,"
23년 08월,SM-R950,갤럭시 워치6 클래식 43mm 블루투스,"워치643mm,워치6블루투스,워치6Bluetooth,워치643미리,갤워치6,갤워치43mm,갤워치6블루투스,GalaxyWatch6,Watch6,갤워치643mm,watch643미리,워치6클래식43mm,갤럭시워치6클래식43,워치6classic43mm,갤럭시워치6Classic43mm,SM-R950,R950,갤럭시 워치6,Galaxy,갤럭시,","출시일 : 23년 08월, 요약모델 : SM-R950, 펫네임 : 갤럭시 워치6 클래식 43mm 블루투스, 키워드 : 워치643mm,워치6블루투스,워치6Bluetooth,워치643미리,갤워치6,갤워치43mm,갤워치6블루투스,GalaxyWatch6,Watch6,갤워치643mm,watch643미리,워치6클래식43mm,갤럭시워치6클래식43,워치6classic43mm,갤럭시워치6Classic43mm,SM-R950,R950,갤럭시 워치6,Galaxy,갤럭시,"
23년 08월,SM-R955,갤럭시 워치6 클래식 43mm LTE,"워치643mm,워치6LTE,워치6LTE,워치643미리,갤워치6,갤럭시워치6,갤럭시워치6,갤럭시워치6LTE,갤럭시워치6개통향,GalaxyWatch6,GALAXYWATCH6,Watch643mm,GalaxyWatch6Classic643mm,갤럭시워치6클래식43mm,갤럭시워치643mmClassic,워치6클래식,워치6클래식43mm,SM-R955,R955,갤럭시 워치6,Galaxy,갤럭시,","출시일 : 23년 08월, 요약모델 : SM-R955, 펫네임 : 갤럭시 워치6 클래식 43mm LTE, 키워드 : 워치643mm,워치6LTE,워치6LTE,워치643미리,갤워치6,갤럭시워치6,갤럭시워치6,갤럭시워치6LTE,갤럭시워치6개통향,GalaxyWatch6,GALAXYWATCH6,Watch643mm,GalaxyWatch6Classic643mm,갤럭시워치6클래식43mm,갤럭시워치643mmClassic,워치6클래식,워치6클래식43mm,SM-R955,R955,갤럭시 워치6,Galaxy,갤럭시,"
23년 08월,SM-R960,갤럭시 워치6 클래식 47mm 블루투스,"워치647mm,워치6블루투스,워치6Bluetooth,워치647미리,갤워치6,갤워치47mm,갤워치6블루투스,GalaxyWatch6,Watch6,갤워치647mm,watch647미리,워치6클래식47mm,갤럭시워치6클래식47,워치6classic47mm,갤럭시워치6Classic47mm,SM-R960,R960,갤럭시 워치6,Galaxy,갤럭시,","출시일 : 23년 08월, 요약모델 : SM-R960, 펫네임 : 갤럭시 워치6 클래식 47mm 블루투스, 키워드 : 워치647mm,워치6블루투스,워치6Bluetooth,워치647미리,갤워치6,갤워치47mm,갤워치6블루투스,GalaxyWatch6,Watch6,갤워치647mm,watch647미리,워치6클래식47mm,갤럭시워치6클래식47,워치6classic47mm,갤럭시워치6Classic47mm,SM-R960,R960,갤럭시 워치6,Galaxy,갤럭시,"
23년 08월,SM-R965,갤럭시 워치6 클래식 47mm LTE,"워치647mm,워치6LTE,워치6LTE,워치647미리,갤워치6,갤럭시워치6,갤럭시워치6,갤럭시워치6LTE,갤럭시워치6개통향,GalaxyWatch6,GALAXYWATCH6,Watch647mm,GalaxyWatch6Classic647mm,갤럭시워치6클래식47mm,갤럭시워치647mmClassic,워치6클래식,워치6클래식47mm,SM-R965,R965,갤럭시 워치6,Galaxy,갤럭시,","출시일 : 23년 08월, 요약모델 : SM-R965, 펫네임 : 갤럭시 워치6 클래식 47mm LTE, 키워드 : 워치647mm,워치6LTE,워치6LTE,워치647미리,갤워치6,갤럭시워치6,갤럭시워치6,갤럭시워치6LTE,갤럭시워치6개통향,GalaxyWatch6,GALAXYWATCH6,Watch647mm,GalaxyWatch6Classic647mm,갤럭시워치6클래식47mm,갤럭시워치647mmClassic,워치6클래식,워치6클래식47mm,SM-R965,R965,갤럭시 워치6,Galaxy,갤럭시,"
23년 08월,SM-X710,갤럭시 탭 S9 Wi-Fi,"탭S9WIFI,TABS9,TABS9Wi-Fi,tabS9,태블릿S9,S9WiFi,S9Wi-Fi,탭에스나인,탭S9WIFI,S9wi-fi,SM-X710,X710,Galaxy,갤럭시,탭S9,","출시일 : 23년 08월, 요약모델 : SM-X710, 펫네임 : 갤럭시 탭 S9 Wi-Fi, 키워드 : 탭S9WIFI,TABS9,TABS9Wi-Fi,tabS9,태블릿S9,S9WiFi,S9Wi-Fi,탭에스나인,탭S9WIFI,S9wi-fi,SM-X710,X710,Galaxy,갤럭시,탭S9,"
23년 08월,SM-X716,갤럭시 탭 S9 5G,"탭S9LTE,TABS9,TABS9LTE,tabS9,태블릿S9,S9LTE,S9Wi-Fi,탭에스나인,탭S9LTE,S9LTE,SM-X716,X716,Galaxy,갤럭시,탭S9","출시일 : 23년 08월, 요약모델 : SM-X716, 펫네임 : 갤럭시 탭 S9 5G, 키워드 : 탭S9LTE,TABS9,TABS9LTE,tabS9,태블릿S9,S9LTE,S9Wi-Fi,탭에스나인,탭S9LTE,S9LTE,SM-X716,X716,Galaxy,갤럭시,탭S9"
23년 08월,SM-X810,갤럭시 탭 S9+ Wi-Fi,"SM-X810,갤럭시탭S9+Wi-Fi,태블릿S9PLUS,Galaxy,갤럭시,탭S9,탭 S9,TAB S9+,S9+ WIFI,S9+","출시일 : 23년 08월, 요약모델 : SM-X810, 펫네임 : 갤럭시 탭 S9+ Wi-Fi, 키워드 : SM-X810,갤럭시탭S9+Wi-Fi,태블릿S9PLUS,Galaxy,갤럭시,탭S9,탭 S9,TAB S9+,S9+ WIFI,S9+"
23년 08월,SM-X816,갤럭시 탭 S9+ 5G,"SM-X816,갤럭시탭S9+5G,탭s9+.갤럭시탭s9+,Galaxy,갤럭시,탭S9,S9+,TAB S9+,","출시일 : 23년 08월, 요약모델 : SM-X816, 펫네임 : 갤럭시 탭 S9+ 5G, 키워드 : SM-X816,갤럭시탭S9+5G,탭s9+.갤럭시탭s9+,Galaxy,갤럭시,탭S9,S9+,TAB S9+,"
23년 08월,SM-X910,갤럭시 탭 S9 Ultra Wi-Fi,"갤럭시탭s9울트라,갤탭S9울트라,갤탭s9울트라,갤럭시태블릿에스9,갤럭시탭s9울트라,SM-X910,Galaxy,갤럭시,탭S9,TAB S9U,","출시일 : 23년 08월, 요약모델 : SM-X910, 펫네임 : 갤럭시 탭 S9 Ultra Wi-Fi, 키워드 : 갤럭시탭s9울트라,갤탭S9울트라,갤탭s9울트라,갤럭시태블릿에스9,갤럭시탭s9울트라,SM-X910,Galaxy,갤럭시,탭S9,TAB S9U,"
23년 08월,SM-X916,갤럭시 탭 S9 Ultra 5G,"갤럭시탭s9울트라5g,sm-x916,SM-X916,Galaxy,갤럭시,탭S9,S9ULTRA,S9울트라,탭S9U,TAB S9U,","출시일 : 23년 08월, 요약모델 : SM-X916, 펫네임 : 갤럭시 탭 S9 Ultra 5G, 키워드 : 갤럭시탭s9울트라5g,sm-x916,SM-X916,Galaxy,갤럭시,탭S9,S9ULTRA,S9울트라,탭S9U,TAB S9U,"
23년 08월,SM-F946,갤럭시 Z 폴드5,"갤럭시폴드5,Z폴드5,Fold5,FOLD5,지폴드5,폴더블5,Foldable5,갤럭시폴드5,갤럭시zfold5,GalaxyZFold5,ZFold5,Z폴드5,갤럭시폴더블5,SM-F946,F946,Galaxy,갤럭시,폴드5,FOLD5,fold5,폴드 5,","출시일 : 23년 08월, 요약모델 : SM-F946, 펫네임 : 갤럭시 Z 폴드5, 키워드 : 갤럭시폴드5,Z폴드5,Fold5,FOLD5,지폴드5,폴더블5,Foldable5,갤럭시폴드5,갤럭시zfold5,GalaxyZFold5,ZFold5,Z폴드5,갤럭시폴더블5,SM-F946,F946,Galaxy,갤럭시,폴드5,FOLD5,fold5,폴드 5,"
23년 08월,SM-F731,갤럭시 Z 플립5,"제트플립5,Z플립5,FLIP5,갤럭시Z플립5,ZFLIP5,갤럭시Z플립5,GalaxyZFlip5,갤럭시z플립,갤럭시Flip5,SM-F731,F731,갤럭시Z플립5,Galaxy,갤럭시,플립5,","출시일 : 23년 08월, 요약모델 : SM-F731, 펫네임 : 갤럭시 Z 플립5, 키워드 : 제트플립5,Z플립5,FLIP5,갤럭시Z플립5,ZFLIP5,갤럭시Z플립5,GalaxyZFlip5,갤럭시z플립,갤럭시Flip5,SM-F731,F731,갤럭시Z플립5,Galaxy,갤럭시,플립5,"
23년 06월,SM-A546,갤럭시 퀀텀4,"갤럭시퀀텀4,Quamtum4,qumtum4,갤퀀텀4,갤럭시quantum4,GalaxyQuantum4,A546,SM-A546,GalaxyA546,갤럭시A546,갤럭시컨텀4,갤럭시퀀텀,갤럭시컨텀,Galaxy,갤럭시,퀀텀4,퀸텀4,","출시일 : 23년 06월, 요약모델 : SM-A546, 펫네임 : 갤럭시 퀀텀4, 키워드 : 갤럭시퀀텀4,Quamtum4,qumtum4,갤퀀텀4,갤럭시quantum4,GalaxyQuantum4,A546,SM-A546,GalaxyA546,갤럭시A546,갤럭시컨텀4,갤럭시퀀텀,갤럭시컨텀,Galaxy,갤럭시,퀀텀4,퀸텀4,"
23년 05월,SM-A245,갤럭시 A24 LTE,"갤럭시A24,갤럭시A24LTE,GalaxyA24,GalaxyA24,Galaxya24LTE,갤럭시A245,A245,SM-A245,A24LTE,Galaxy,갤럭시,a24,A24,","출시일 : 23년 05월, 요약모델 : SM-A245, 펫네임 : 갤럭시 A24 LTE, 키워드 : 갤럭시A24,갤럭시A24LTE,GalaxyA24,GalaxyA24,Galaxya24LTE,갤럭시A245,A245,SM-A245,A24LTE,Galaxy,갤럭시,a24,A24,"
23년 03월,SM-A346,갤럭시 A34 5G,"갤럭시A34,GalaxyA34,A345G,갤A34,에이34,갤락시a34,갤럭시346,SM-A346,GalaxyA346,갤럭시A346,갤A34,Galaxy,갤럭시,","출시일 : 23년 03월, 요약모델 : SM-A346, 펫네임 : 갤럭시 A34 5G, 키워드 : 갤럭시A34,GalaxyA34,A345G,갤A34,에이34,갤락시a34,갤럭시346,SM-A346,GalaxyA346,갤럭시A346,갤A34,Galaxy,갤럭시,"
23년 02월,SM-S911,갤럭시 S23,"갤럭시S23,GALAXYS23,갤S23,에스23,galaxys23,갤S911,S911,겔록시S23,갤락시S23,Galaxy,갤럭시,S23,","출시일 : 23년 02월, 요약모델 : SM-S911, 펫네임 : 갤럭시 S23, 키워드 : 갤럭시S23,GALAXYS23,갤S23,에스23,galaxys23,갤S911,S911,겔록시S23,갤락시S23,Galaxy,갤럭시,S23,"
23년 02월,SM-S916,갤럭시 S23+,"갤럭시S23+,S23+,S23플러스,갤23+,에스23+,S23PLUS,GALAXYS23+,GalaxyS23플러스,galaxys23+,갤23플러스,S916,갤럭시S916,갤럭시S23+,Galaxy,갤럭시,S23,","출시일 : 23년 02월, 요약모델 : SM-S916, 펫네임 : 갤럭시 S23+, 키워드 : 갤럭시S23+,S23+,S23플러스,갤23+,에스23+,S23PLUS,GALAXYS23+,GalaxyS23플러스,galaxys23+,갤23플러스,S916,갤럭시S916,갤럭시S23+,Galaxy,갤럭시,S23,"
23년 02월,SM-S918,갤럭시 S23 Ultra,"갤럭시S23 울트라,갤럭시 S23 울트라,S23 울트라,갤럭시S23울트라,S23 울트라,갤럭시S23울트라,갤럭시23Ultra,갤S23울트라,삼성갤S23울트라,갤23Ultra,에스23Ultra,S23울트라,Galaxy23울트라,s918,GALAXYS918,갤록시s23u,S23U,GalaxyS23U,Galaxy,갤럭시,S23,","출시일 : 23년 02월, 요약모델 : SM-S918, 펫네임 : 갤럭시 S23 Ultra, 키워드 : 갤럭시S23 울트라,갤럭시 S23 울트라,S23 울트라,갤럭시S23울트라,S23 울트라,갤럭시S23울트라,갤럭시23Ultra,갤S23울트라,삼성갤S23울트라,갤23Ultra,에스23Ultra,S23울트라,Galaxy23울트라,s918,GALAXYS918,갤록시s23u,S23U,GalaxyS23U,Galaxy,갤럭시,S23,"
22년 09월,SM-A136,갤럭시 와이드6,"갤럭시와이드6,갤럭시WIDE6,갤럭시와이드,와이드6,WIDE6,Galaxywide6,Galaxy와이드6,SM-A136,A136,갤럭시A136,갤와이드6,Galaxy,갤럭시,","출시일 : 22년 09월, 요약모델 : SM-A136, 펫네임 : 갤럭시 와이드6, 키워드 : 갤럭시와이드6,갤럭시WIDE6,갤럭시와이드,와이드6,WIDE6,Galaxywide6,Galaxy와이드6,SM-A136,A136,갤럭시A136,갤와이드6,Galaxy,갤럭시,"
22년 09월,SM-T630,갤럭시 탭 Acitve4 Pro Wi-Fi,"갤럭시탭Acitve4ProWi-Fi,갤럭시탭AcitveProWiFi,SM-T630,T630,갤럭시T630,TAB액티브4,탭ACTIVE4PRO,액티브4프로,액티브4,GalaxyActive4,Galaxy,갤럭시,","출시일 : 22년 09월, 요약모델 : SM-T630, 펫네임 : 갤럭시 탭 Acitve4 Pro Wi-Fi, 키워드 : 갤럭시탭Acitve4ProWi-Fi,갤럭시탭AcitveProWiFi,SM-T630,T630,갤럭시T630,TAB액티브4,탭ACTIVE4PRO,액티브4프로,액티브4,GalaxyActive4,Galaxy,갤럭시,"
22년 09월,SM-T636,갤럭시 탭 Acitve4 Pro 5G,"갤럭시탭Acitve4Pro5G,갤럭시탭AcitvePro5G,SM-T636,T636,갤럭시T636,TAB액티브4,탭ACTIVE4PRO,액티브4프로,액티브4,GalaxyActive4,Galaxy,갤럭시,","출시일 : 22년 09월, 요약모델 : SM-T636, 펫네임 : 갤럭시 탭 Acitve4 Pro 5G, 키워드 : 갤럭시탭Acitve4Pro5G,갤럭시탭AcitvePro5G,SM-T636,T636,갤럭시T636,TAB액티브4,탭ACTIVE4PRO,액티브4프로,액티브4,GalaxyActive4,Galaxy,갤럭시,"
22년 08월,SM-F721,갤럭시 Z 플립4,"지플립4,갤럭시 Z 플립 4,제트 FLIP 3,갤럭시 제트 플립4,갤럭시Z 플립4,갤럭시Z플립4,Z플립4,Z플립4,ZFLIP4,FLIP4,flip4,지플립4,제트플립4,갤럭시Z플립4,GalaxyZFlip4,Galaxy플립4,GalaxyFlip4,갤럭시ZFLIP4,SM-F721,F721,갤럭시F721,GalaxyZFlip4,갤럭시 제트 플립4,갤럭시Z 플립4,갤럭시 Z플립 4,Z플립 4,Z플립 4,ZFLIP 4,FLIP 4,flip 4,지 플립4,제트 플립4,갤럭시Z 플립4,GalaxyZ Flip4,Galaxy 플립 4,Galaxy Flip 4,갤럭시 Z FLIP4,갤럭시 F721,Galaxy Z Flip4,Galaxy,갤럭시,플립4,","출시일 : 22년 08월, 요약모델 : SM-F721, 펫네임 : 갤럭시 Z 플립4, 키워드 : 지플립4,갤럭시 Z 플립 4,제트 FLIP 3,갤럭시 제트 플립4,갤럭시Z 플립4,갤럭시Z플립4,Z플립4,Z플립4,ZFLIP4,FLIP4,flip4,지플립4,제트플립4,갤럭시Z플립4,GalaxyZFlip4,Galaxy플립4,GalaxyFlip4,갤럭시ZFLIP4,SM-F721,F721,갤럭시F721,GalaxyZFlip4,갤럭시 제트 플립4,갤럭시Z 플립4,갤럭시 Z플립 4,Z플립 4,Z플립 4,ZFLIP 4,FLIP 4,flip 4,지 플립4,제트 플립4,갤럭시Z 플립4,GalaxyZ Flip4,Galaxy 플립 4,Galaxy Flip 4,갤럭시 Z FLIP4,갤럭시 F721,Galaxy Z Flip4,Galaxy,갤럭시,플립4,"
22년 08월,SM-F936,갤럭시 Z 폴드4,"지폴드4,갤럭시 제트 플립4,갤럭시Z 플립4,Z폴드4,Z폴드4,ZFOLD4,FOLD4,fold4,지폴드4,제트폴드4,갤럭시Z폴드4,GalaxyZFold4,Galaxy폴드4,GalaxyFold4,갤럭시ZFOLD4,SM-F936,F936,갤럭시F936,GalaxyZFold4,Z 폴드4,Z폴드4,ZFOLD4,FOLD 4,fold 4,지 폴드4,제트폴드4,갤럭시Z 폴드4,GalaxyZ Fold4,Galaxy 폴드4,Galaxy Fold4,갤럭시 Z FOLD 4,SM-F936,갤럭시F936,Galaxy Z Fold4,Galaxy,갤럭시,폴드4,","출시일 : 22년 08월, 요약모델 : SM-F936, 펫네임 : 갤럭시 Z 폴드4, 키워드 : 지폴드4,갤럭시 제트 플립4,갤럭시Z 플립4,Z폴드4,Z폴드4,ZFOLD4,FOLD4,fold4,지폴드4,제트폴드4,갤럭시Z폴드4,GalaxyZFold4,Galaxy폴드4,GalaxyFold4,갤럭시ZFOLD4,SM-F936,F936,갤럭시F936,GalaxyZFold4,Z 폴드4,Z폴드4,ZFOLD4,FOLD 4,fold 4,지 폴드4,제트폴드4,갤럭시Z 폴드4,GalaxyZ Fold4,Galaxy 폴드4,Galaxy Fold4,갤럭시 Z FOLD 4,SM-F936,갤럭시F936,Galaxy Z Fold4,Galaxy,갤럭시,폴드4,"
22년 08월,SM-R900,갤럭시 워치5 40mm 블루투스,"워치540mm,워치5블루투스,워치5Bluetooth,워치540미리,갤워치5,갤워치40mm,갤워치5블루투스,GalaxyWatch5,Watch5,갤워치540mm,watch540미리,SM-R900,R900,Galaxy,갤럭시,","출시일 : 22년 08월, 요약모델 : SM-R900, 펫네임 : 갤럭시 워치5 40mm 블루투스, 키워드 : 워치540mm,워치5블루투스,워치5Bluetooth,워치540미리,갤워치5,갤워치40mm,갤워치5블루투스,GalaxyWatch5,Watch5,갤워치540mm,watch540미리,SM-R900,R900,Galaxy,갤럭시,"
22년 08월,SM-R905,갤럭시 워치5 40mm LTE,"워치540mm,워치5LTE,워치5LTE,워치540미리,갤워치5,갤럭시워치5,갤럭시워치5,갤럭시워치5LTE,갤럭시워치5개통향,GalaxyWatch5,GALAXYWATCH5,Watch540mm,SM-R905,R905,Galaxy,갤럭시,워치5,","출시일 : 22년 08월, 요약모델 : SM-R905, 펫네임 : 갤럭시 워치5 40mm LTE, 키워드 : 워치540mm,워치5LTE,워치5LTE,워치540미리,갤워치5,갤럭시워치5,갤럭시워치5,갤럭시워치5LTE,갤럭시워치5개통향,GalaxyWatch5,GALAXYWATCH5,Watch540mm,SM-R905,R905,Galaxy,갤럭시,워치5,"
22년 08월,SM-R910,갤럭시 워치5 44mm 블루투스,"워치544mm,워치5블루투스,워치5Bluetooth,워치544미리,갤워치5,갤워치44mm,갤워치5블루투스,GalaxyWatch5,Watch5,갤워치544mm,watch544미리,SM-R910,R910,Galaxy,갤럭시,워치5,","출시일 : 22년 08월, 요약모델 : SM-R910, 펫네임 : 갤럭시 워치5 44mm 블루투스, 키워드 : 워치544mm,워치5블루투스,워치5Bluetooth,워치544미리,갤워치5,갤워치44mm,갤워치5블루투스,GalaxyWatch5,Watch5,갤워치544mm,watch544미리,SM-R910,R910,Galaxy,갤럭시,워치5,"
22년 08월,SM-R915,갤럭시 워치5 44mm LTE,"워치544mm,워치5LTE,워치5LTE,워치544미리,갤워치5,갤럭시워치5,갤럭시워치5,갤럭시워치5LTE,갤럭시워치5개통향,GalaxyWatch5,GALAXYWATCH5,Watch544mm,SM-R915,R915,Galaxy,갤럭시,워치5,","출시일 : 22년 08월, 요약모델 : SM-R915, 펫네임 : 갤럭시 워치5 44mm LTE, 키워드 : 워치544mm,워치5LTE,워치5LTE,워치544미리,갤워치5,갤럭시워치5,갤럭시워치5,갤럭시워치5LTE,갤럭시워치5개통향,GalaxyWatch5,GALAXYWATCH5,Watch544mm,SM-R915,R915,Galaxy,갤럭시,워치5,"
22년 08월,SM-R920,갤럭시 워치5 프로 45mm 블루투스,"워치545mm,워치5블루투스,워치5Bluetooth,워치545미리,갤워치5,갤워치45mm,갤워치5블루투스,GalaxyWatch5,Watch5,갤워치545mm,watch545미리,SM-R920,R920,Galaxy,갤럭시,워치5,","출시일 : 22년 08월, 요약모델 : SM-R920, 펫네임 : 갤럭시 워치5 프로 45mm 블루투스, 키워드 : 워치545mm,워치5블루투스,워치5Bluetooth,워치545미리,갤워치5,갤워치45mm,갤워치5블루투스,GalaxyWatch5,Watch5,갤워치545mm,watch545미리,SM-R920,R920,Galaxy,갤럭시,워치5,"
22년 08월,SM-R925,갤럭시 워치5 프로 45mm LTE,"워치545mm,워치5LTE,워치5LTE,워치545미리,갤워치5,갤럭시워치5,갤럭시워치5,갤럭시워치5LTE,갤럭시워치5개통향,GalaxyWatch5,GALAXYWATCH5,Watch545mm,SM-R925,R925,갤럭시R925,GalaxyWatch5Pro,갤럭시워치5프로,워치5프로,watch5pro,WATCH5PRO45mm,워치5프로45미리,Galaxy,갤럭시,워치5,","출시일 : 22년 08월, 요약모델 : SM-R925, 펫네임 : 갤럭시 워치5 프로 45mm LTE, 키워드 : 워치545mm,워치5LTE,워치5LTE,워치545미리,갤워치5,갤럭시워치5,갤럭시워치5,갤럭시워치5LTE,갤럭시워치5개통향,GalaxyWatch5,GALAXYWATCH5,Watch545mm,SM-R925,R925,갤럭시R925,GalaxyWatch5Pro,갤럭시워치5프로,워치5프로,watch5pro,WATCH5PRO45mm,워치5프로45미리,Galaxy,갤럭시,워치5,"
22년 07월,SM-A135,갤럭시 A13,"갤럭시A13,GalaxyA13,갤A13,SM-A135,A135,에이13,갤럭시에이13,갤럭시A135,겔럭시a13,겔록시A13,Galaxy,갤럭시,A13,","출시일 : 22년 07월, 요약모델 : SM-A135, 펫네임 : 갤럭시 A13, 키워드 : 갤럭시A13,GalaxyA13,갤A13,SM-A135,A135,에이13,갤럭시에이13,갤럭시A135,겔럭시a13,겔록시A13,Galaxy,갤럭시,A13,"
22년 07월,SM-A336,갤럭시 A33 5G,"갤럭시A33,A335G,SM-A336,A336,GalaxyA33,Galaxya33,갤럭시a33,에이33,Galaxy,갤럭시,A33","출시일 : 22년 07월, 요약모델 : SM-A336, 펫네임 : 갤럭시 A33 5G, 키워드 : 갤럭시A33,A335G,SM-A336,A336,GalaxyA33,Galaxya33,갤럭시a33,에이33,Galaxy,갤럭시,A33"
22년 06월,SM-M236,갤럭시 버디2,"갤럭시버디2,BUDDY2,갤버디2,GalaxyBuddy2,galaxybudy2,갤락시버디2,겔록시버디2,겔럭시버디2,겔럭시Buddy2,Galaxy,갤럭시,버디2,바디2,","출시일 : 22년 06월, 요약모델 : SM-M236, 펫네임 : 갤럭시 버디2, 키워드 : 갤럭시버디2,BUDDY2,갤버디2,GalaxyBuddy2,galaxybudy2,갤락시버디2,겔록시버디2,겔럭시버디2,겔럭시Buddy2,Galaxy,갤럭시,버디2,바디2,"
22년 04월,SM-A536,갤럭시 A53 5G,"갤럭시A535G,A535G,A535G,A536,SM-A536,갤럭시A53,GalaxyA53,GalaxyA53,겔럭시A53,갤A53,GalaxyA536,Galaxy,갤럭시,A53","출시일 : 22년 04월, 요약모델 : SM-A536, 펫네임 : 갤럭시 A53 5G, 키워드 : 갤럭시A535G,A535G,A535G,A536,SM-A536,갤럭시A53,GalaxyA53,GalaxyA53,겔럭시A53,갤A53,GalaxyA536,Galaxy,갤럭시,A53"
22년 04월,SM-M336,갤럭시 점프2,"갤럭시점프2,galaxyjump2,JUMP2,갤점프2,갤럭시점프2,점프2,Galaxy점프2,갤럭시Jump2,M336,SM-M336,갤럭시M336,GalaxyM336,겔럭시점프2,겔록시점프2,Galaxy,갤럭시,점프2,","출시일 : 22년 04월, 요약모델 : SM-M336, 펫네임 : 갤럭시 점프2, 키워드 : 갤럭시점프2,galaxyjump2,JUMP2,갤점프2,갤럭시점프2,점프2,Galaxy점프2,갤럭시Jump2,M336,SM-M336,갤럭시M336,GalaxyM336,겔럭시점프2,겔록시점프2,Galaxy,갤럭시,점프2,"
22년 04월,SM-M536,갤럭시 퀀텀3,"갤럭시퀀텀3,GalaxyQuantum3,퀀텀3,Galaxy퀀텀3,galaxyquantum3,quantum3,겔럭시퀀텀3,갤퀀텀3,GalaxyQuantum,갤럭시컨텀,갤럭시퀀텀,SM-M536,M536,Galaxy,갤럭시,퀀텀3","출시일 : 22년 04월, 요약모델 : SM-M536, 펫네임 : 갤럭시 퀀텀3, 키워드 : 갤럭시퀀텀3,GalaxyQuantum3,퀀텀3,Galaxy퀀텀3,galaxyquantum3,quantum3,겔럭시퀀텀3,갤퀀텀3,GalaxyQuantum,갤럭시컨텀,갤럭시퀀텀,SM-M536,M536,Galaxy,갤럭시,퀀텀3"
22년 03월,SM-A235,갤럭시 A23,"갤럭시A23,갤럭시A23,GalaxyA23,SM-A235,A235,갤럭시A235,겔럭시A235,겔록시A23,겔럭시A23,GalaxyA23,Galaxy,갤럭시,A23","출시일 : 22년 03월, 요약모델 : SM-A235, 펫네임 : 갤럭시 A23, 키워드 : 갤럭시A23,갤럭시A23,GalaxyA23,SM-A235,A235,갤럭시A235,겔럭시A235,겔록시A23,겔럭시A23,GalaxyA23,Galaxy,갤럭시,A23"
22년 02월,SM-S901,갤럭시 S22,"SM-S901갤럭시S22,GALAXYS22,갤S22,에스22,galaxys22,갤S901,S901,겔록시S22,갤락시S22,Galaxy,갤럭시,S22,","출시일 : 22년 02월, 요약모델 : SM-S901, 펫네임 : 갤럭시 S22, 키워드 : SM-S901갤럭시S22,GALAXYS22,갤S22,에스22,galaxys22,갤S901,S901,겔록시S22,갤락시S22,Galaxy,갤럭시,S22,"
22년 02월,SM-S906,갤럭시 S22+,"갤럭시S22플러스,SM-S906,갤럭시S22+,S22+,S22플러스,갤22+,에스22+,S22PLUS,GALAXYS22+,GalaxyS22플러스,galaxys22+,갤22플러스,S906,갤럭시S906,갤럭시S22+,S906,Galaxy,갤럭시,S22,","출시일 : 22년 02월, 요약모델 : SM-S906, 펫네임 : 갤럭시 S22+, 키워드 : 갤럭시S22플러스,SM-S906,갤럭시S22+,S22+,S22플러스,갤22+,에스22+,S22PLUS,GALAXYS22+,GalaxyS22플러스,galaxys22+,갤22플러스,S906,갤럭시S906,갤럭시S22+,S906,Galaxy,갤럭시,S22,"
22년 02월,SM-S908,갤럭시 S22 Ultra,"갤럭시S22 울트라,갤럭시 S22 울트라,S22 울트라,갤럭시S22울트라,SM-S908,갤럭시22Ultra,갤S22울트라,삼성갤S22울트라,갤22Ultra,에스22Ultra,S22울트라,Galaxy22울트라,s908,GALAXYS908,갤록시s22u,S22U,GalaxyS22U,S22ULTRA,S22U,S22울트라,s22울트라,Galaxy,갤럭시,S22,","출시일 : 22년 02월, 요약모델 : SM-S908, 펫네임 : 갤럭시 S22 Ultra, 키워드 : 갤럭시S22 울트라,갤럭시 S22 울트라,S22 울트라,갤럭시S22울트라,SM-S908,갤럭시22Ultra,갤S22울트라,삼성갤S22울트라,갤22Ultra,에스22Ultra,S22울트라,Galaxy22울트라,s908,GALAXYS908,갤록시s22u,S22U,GalaxyS22U,S22ULTRA,S22U,S22울트라,s22울트라,Galaxy,갤럭시,S22,"
22년 02월,SM-X700,갤럭시 탭 S8 Wi-Fi,"탭S8WIFI,TABS8,TABS8Wi-Fi,tabS8,태블릿S8,S8WiFi,S8Wi-Fi,탭S8WIFI,S8wi-fi,SM-X700,X700,Galaxy,갤럭시,","출시일 : 22년 02월, 요약모델 : SM-X700, 펫네임 : 갤럭시 탭 S8 Wi-Fi, 키워드 : 탭S8WIFI,TABS8,TABS8Wi-Fi,tabS8,태블릿S8,S8WiFi,S8Wi-Fi,탭S8WIFI,S8wi-fi,SM-X700,X700,Galaxy,갤럭시,"
22년 02월,SM-X706,갤럭시 탭 S8 5G,"탭S8LTE,TABS8,TABS8LTE,tabS8,태블릿S8,S8LTE,S8Wi-Fi,탭S8LTE,S8LTE,SM-X706,X706,Galaxy,갤럭시,탭S8,","출시일 : 22년 02월, 요약모델 : SM-X706, 펫네임 : 갤럭시 탭 S8 5G, 키워드 : 탭S8LTE,TABS8,TABS8LTE,tabS8,태블릿S8,S8LTE,S8Wi-Fi,탭S8LTE,S8LTE,SM-X706,X706,Galaxy,갤럭시,탭S8,"
22년 02월,SM-X800,갤럭시 탭 S8+ Wi-Fi,"탭S8WIFI,TABS8,TABS8Wi-Fi,tabS8,태블릿S8,S8WiFi,S8Wi-Fi,탭S8WIFI,S8wi-fi,SM-X800,X800,Galaxy,갤럭시,탭S8,","출시일 : 22년 02월, 요약모델 : SM-X800, 펫네임 : 갤럭시 탭 S8+ Wi-Fi, 키워드 : 탭S8WIFI,TABS8,TABS8Wi-Fi,tabS8,태블릿S8,S8WiFi,S8Wi-Fi,탭S8WIFI,S8wi-fi,SM-X800,X800,Galaxy,갤럭시,탭S8,"
22년 02월,SM-X806,갤럭시 탭 S8+ 5G,"탭S8+5g,TABS8+,TABS8+LTE,tabS8+,태블릿S8+,탭S8+LTE,S8+,탭S8+LTE,S8+LTE,탭SM-S8+,갤럭시탭S8+5G,Galaxy,갤럭시,탭S8,","출시일 : 22년 02월, 요약모델 : SM-X806, 펫네임 : 갤럭시 탭 S8+ 5G, 키워드 : 탭S8+5g,TABS8+,TABS8+LTE,tabS8+,태블릿S8+,탭S8+LTE,S8+,탭S8+LTE,S8+LTE,탭SM-S8+,갤럭시탭S8+5G,Galaxy,갤럭시,탭S8,"
22년 02월,SM-X900,갤럭시 탭 S8 Ultra Wi-Fi,"갤럭시탭s8울트라,갤탭S8울트라,갤탭s8울트라,갤럭시태블릿에스8,갤럭시탭s8울트라,SM-X900,갤럭시탭S8UltraWi-Fi,Galaxy,갤럭시,탭S8,","출시일 : 22년 02월, 요약모델 : SM-X900, 펫네임 : 갤럭시 탭 S8 Ultra Wi-Fi, 키워드 : 갤럭시탭s8울트라,갤탭S8울트라,갤탭s8울트라,갤럭시태블릿에스8,갤럭시탭s8울트라,SM-X900,갤럭시탭S8UltraWi-Fi,Galaxy,갤럭시,탭S8,"
22년 02월,SM-X906,갤럭시 탭 S8 Ultra 5G,"갤럭시탭s8울트라5g,sm-x906,SM-X906,갤럭시탭S8Ultra5G,Galaxy,갤럭시,탭S8,","출시일 : 22년 02월, 요약모델 : SM-X906, 펫네임 : 갤럭시 탭 S8 Ultra 5G, 키워드 : 갤럭시탭s8울트라5g,sm-x906,SM-X906,갤럭시탭S8Ultra5G,Galaxy,갤럭시,탭S8,"
22년 01월,SM-G525,갤럭시 엑스커버5,"갤x커버5,갤럭시엑스커버5,Galaxy,갤럭시,X커버5,X커버,","출시일 : 22년 01월, 요약모델 : SM-G525, 펫네임 : 갤럭시 엑스커버5, 키워드 : 갤x커버5,갤럭시엑스커버5,Galaxy,갤럭시,X커버5,X커버,"
22년 01월,SM-X200,갤럭시 탭 A8 Wi-Fi,"탭A8WIFI,TABA8,TABA8Wi-Fi,tabA8,태블릿A8,A8WiFi,탭A8WIFI,A8wi-fi,SM-X200,X200,Galaxy,갤럭시,탭A8,","출시일 : 22년 01월, 요약모델 : SM-X200, 펫네임 : 갤럭시 탭 A8 Wi-Fi, 키워드 : 탭A8WIFI,TABA8,TABA8Wi-Fi,tabA8,태블릿A8,A8WiFi,탭A8WIFI,A8wi-fi,SM-X200,X200,Galaxy,갤럭시,탭A8,"
22년 01월,SM-X205,갤럭시 탭 A8 LTE,"탭A8LTE,TABA8,TABA8LTE,tabA8,태블릿A8,A8LTE,A8Wi-Fi,탭A8LTE,A8LTE,SM-X205,X205,Galaxy,갤럭시,탭A8,","출시일 : 22년 01월, 요약모델 : SM-X205, 펫네임 : 갤럭시 탭 A8 LTE, 키워드 : 탭A8LTE,TABA8,TABA8LTE,tabA8,태블릿A8,A8LTE,A8Wi-Fi,탭A8LTE,A8LTE,SM-X205,X205,Galaxy,갤럭시,탭A8,"
21년 09월,SM-A528,갤럭시 A52s 5G,"갤럭시a52,갤A52,갤럭시A52s,SM-A528, Galaxy,갤럭시,A52,","출시일 : 21년 09월, 요약모델 : SM-A528, 펫네임 : 갤럭시 A52s 5G, 키워드 : 갤럭시a52,갤A52,갤럭시A52s,SM-A528, Galaxy,갤럭시,A52,"
21년 09월,SM-A226,갤럭시 버디,"갤럭시버디,갤럭시a,GalaxyBuddy,갤럭시버디,BUDDY,갤버디,GalaxyBuddy,galaxybudy,갤락시버디,겔록시버디,겔럭시버디,겔럭시Buddy,Galaxy,갤럭시,A22,","출시일 : 21년 09월, 요약모델 : SM-A226, 펫네임 : 갤럭시 버디, 키워드 : 갤럭시버디,갤럭시a,GalaxyBuddy,갤럭시버디,BUDDY,갤버디,GalaxyBuddy,galaxybudy,갤락시버디,겔록시버디,겔럭시버디,겔럭시Buddy,Galaxy,갤럭시,A22,"
21년 09월,SM-E426,갤럭시 와이드5,"갤와이드5,SM-E426,삼성와이드5,Wide5,galaxywide5,WIDE5,Galaxywide5,Galaxy와이드5,Galaxy,갤럭시,","출시일 : 21년 09월, 요약모델 : SM-E426, 펫네임 : 갤럭시 와이드5, 키워드 : 갤와이드5,SM-E426,삼성와이드5,Wide5,galaxywide5,WIDE5,Galaxywide5,Galaxy와이드5,Galaxy,갤럭시,"
21년 09월,SM-T733,갤럭시 탭 S7 FE Wi-Fi,"갤럭시탭S7FE,탭s7fe,갤탭s7이에프,갤럭시탭S7FE와이파이,tabs7fe,탭에스세븐,Galaxy,갤럭시,","출시일 : 21년 09월, 요약모델 : SM-T733, 펫네임 : 갤럭시 탭 S7 FE Wi-Fi, 키워드 : 갤럭시탭S7FE,탭s7fe,갤탭s7이에프,갤럭시탭S7FE와이파이,tabs7fe,탭에스세븐,Galaxy,갤럭시,"
21년 09월,SM-T735,갤럭시 탭 S7 FE LTE,"갤럭시탭S7FE,탭s7fe,갤탭s7이에프,갤럭시탭S7FElte,tabs7fe엘티이,Galaxy,갤럭시,","출시일 : 21년 09월, 요약모델 : SM-T735, 펫네임 : 갤럭시 탭 S7 FE LTE, 키워드 : 갤럭시탭S7FE,탭s7fe,갤탭s7이에프,갤럭시탭S7FElte,tabs7fe엘티이,Galaxy,갤럭시,"
21년 09월,SM-T736,갤럭시 탭 S7 FE 5G,"갤럭시탭S7FE,탭s7fe,갤탭s7이에프,갤럭시탭S7FE와이파이,tabs7fe5지,Galaxy,갤럭시,","출시일 : 21년 09월, 요약모델 : SM-T736, 펫네임 : 갤럭시 탭 S7 FE 5G, 키워드 : 갤럭시탭S7FE,탭s7fe,갤탭s7이에프,갤럭시탭S7FE와이파이,tabs7fe5지,Galaxy,갤럭시,"
21년 08월,SM-F711,갤럭시 Z 플립3,"제트 FLIP 3,갤럭시Z플립3,갤럭시Z 플립3,갤럭시플립3,Z플립3,Z플립3,ZFLIP3,FLIP3,flip3,지플립3,제트플립3,갤럭시Z플립3,GalaxyZFlip3,Galaxy플립3,GalaxyFlip3,갤럭시ZFLIP3,SM-F711,F711,갤럭시F711,GalaxyZFlip3갤럭시Z플립3,갤럭시 z플립3,Z플립3,갤럭시 Z 플립3,갤럭시 Z 플립 3,Z 플맆3,Galaxy,갤럭시,","출시일 : 21년 08월, 요약모델 : SM-F711, 펫네임 : 갤럭시 Z 플립3, 키워드 : 제트 FLIP 3,갤럭시Z플립3,갤럭시Z 플립3,갤럭시플립3,Z플립3,Z플립3,ZFLIP3,FLIP3,flip3,지플립3,제트플립3,갤럭시Z플립3,GalaxyZFlip3,Galaxy플립3,GalaxyFlip3,갤럭시ZFLIP3,SM-F711,F711,갤럭시F711,GalaxyZFlip3갤럭시Z플립3,갤럭시 z플립3,Z플립3,갤럭시 Z 플립3,갤럭시 Z 플립 3,Z 플맆3,Galaxy,갤럭시,"
21년 08월,SM-F926,갤럭시 Z 폴드3,"갤럭시Z폴드3,갤럭시Z 폴드3,갤럭시폴드3,Z폴드3,Z폴드3,ZFOLD3,FOLD3,fold3,지폴드3,제트폴드3,갤럭시Z폴드3,GalaxyZFold3,Galaxy폴드3,GalaxyFold3,갤럭시ZFOLD3,SM-F926,F926,갤럭시F926,GalaxyZFold3,Galaxy,갤럭시,","출시일 : 21년 08월, 요약모델 : SM-F926, 펫네임 : 갤럭시 Z 폴드3, 키워드 : 갤럭시Z폴드3,갤럭시Z 폴드3,갤럭시폴드3,Z폴드3,Z폴드3,ZFOLD3,FOLD3,fold3,지폴드3,제트폴드3,갤럭시Z폴드3,GalaxyZFold3,Galaxy폴드3,GalaxyFold3,갤럭시ZFOLD3,SM-F926,F926,갤럭시F926,GalaxyZFold3,Galaxy,갤럭시,"
21년 08월,SM-R860,갤럭시 워치4 40mm 블루투스,"갤럭시워치4,갤럭시워치440mm,GalaxyWatch4,GalaxyWatch4,galaxywatch440,갤럭시와치4,겔럭시워치4,갤워치4,GalaxyWatch440mm,갤럭시워치440블루투스,GalaxyWatch440mmbluetooth,Galaxy,갤럭시,","출시일 : 21년 08월, 요약모델 : SM-R860, 펫네임 : 갤럭시 워치4 40mm 블루투스, 키워드 : 갤럭시워치4,갤럭시워치440mm,GalaxyWatch4,GalaxyWatch4,galaxywatch440,갤럭시와치4,겔럭시워치4,갤워치4,GalaxyWatch440mm,갤럭시워치440블루투스,GalaxyWatch440mmbluetooth,Galaxy,갤럭시,"
21년 08월,SM-R865,갤럭시 워치4 40mm LTE,"갤럭시워치4,갤럭시워치440mm,GalaxyWatch4,GalaxyWatch4,galaxywatch440,갤럭시와치4,겔럭시워치4,갤워치4,GalaxyWatch440mm,갤럭시워치440LTE,GalaxyWatch440mmLTE,Galaxy,갤럭시,","출시일 : 21년 08월, 요약모델 : SM-R865, 펫네임 : 갤럭시 워치4 40mm LTE, 키워드 : 갤럭시워치4,갤럭시워치440mm,GalaxyWatch4,GalaxyWatch4,galaxywatch440,갤럭시와치4,겔럭시워치4,갤워치4,GalaxyWatch440mm,갤럭시워치440LTE,GalaxyWatch440mmLTE,Galaxy,갤럭시,"
21년 08월,SM-R870,갤럭시 워치4 44mm 블루투스,"갤럭시워치4,갤럭시워치444mm,GalaxyWatch4,GalaxyWatch4,galaxywatch444,갤럭시와치4,겔럭시워치4,갤워치4,GalaxyWatch444mm,갤럭시워치444블루투스,GalaxyWatch444mmbluetooth,Galaxy,갤럭시,","출시일 : 21년 08월, 요약모델 : SM-R870, 펫네임 : 갤럭시 워치4 44mm 블루투스, 키워드 : 갤럭시워치4,갤럭시워치444mm,GalaxyWatch4,GalaxyWatch4,galaxywatch444,갤럭시와치4,겔럭시워치4,갤워치4,GalaxyWatch444mm,갤럭시워치444블루투스,GalaxyWatch444mmbluetooth,Galaxy,갤럭시,"
21년 08월,SM-R875,갤럭시 워치4 44mm LTE,"갤럭시워치4,갤럭시워치444mm,GalaxyWatch4,GalaxyWatch4,galaxywatch444,갤럭시와치4,겔럭시워치4,갤워치4,GalaxyWatch444mm,갤럭시워치444LTE,GalaxyWatch444mmLTE,Galaxy,갤럭시,","출시일 : 21년 08월, 요약모델 : SM-R875, 펫네임 : 갤럭시 워치4 44mm LTE, 키워드 : 갤럭시워치4,갤럭시워치444mm,GalaxyWatch4,GalaxyWatch4,galaxywatch444,갤럭시와치4,겔럭시워치4,갤워치4,GalaxyWatch444mm,갤럭시워치444LTE,GalaxyWatch444mmLTE,Galaxy,갤럭시,"
21년 08월,SM-R880,갤럭시 워치4 클래식 42mm 블루투스,"갤럭시워치4클래식,워치4클래식,GalaxyWatch4classic,watch4classic,watch4클래식,watch4,워치442mm,워치4블루투스,Galaxy,갤럭시,","출시일 : 21년 08월, 요약모델 : SM-R880, 펫네임 : 갤럭시 워치4 클래식 42mm 블루투스, 키워드 : 갤럭시워치4클래식,워치4클래식,GalaxyWatch4classic,watch4classic,watch4클래식,watch4,워치442mm,워치4블루투스,Galaxy,갤럭시,"
21년 08월,SM-R885,갤럭시 워치4 클래식 42mm LTE,"갤럭시워치4클래식,워치4클래식,GalaxyWatch4classic,watch4classic,watch4클래식,watch4,워치442mm,워치4LTE,Galaxy,갤럭시,","출시일 : 21년 08월, 요약모델 : SM-R885, 펫네임 : 갤럭시 워치4 클래식 42mm LTE, 키워드 : 갤럭시워치4클래식,워치4클래식,GalaxyWatch4classic,watch4classic,watch4클래식,watch4,워치442mm,워치4LTE,Galaxy,갤럭시,"
21년 08월,SM-R890,갤럭시 워치4 클래식 46mm 블루투스,"갤럭시워치4클래식,워치4클래식,GalaxyWatch4classic,watch4classic,watch4클래식,watch4,워치446mm,워치4블루투스,Galaxy,갤럭시,","출시일 : 21년 08월, 요약모델 : SM-R890, 펫네임 : 갤럭시 워치4 클래식 46mm 블루투스, 키워드 : 갤럭시워치4클래식,워치4클래식,GalaxyWatch4classic,watch4classic,watch4클래식,watch4,워치446mm,워치4블루투스,Galaxy,갤럭시,"
21년 08월,SM-R895,갤럭시 워치4 클래식 46mm LTE,"갤럭시워치4클래식,워치4클래식,GalaxyWatch4classic,watch4classic,watch4클래식,watch4,워치446mm,워치4LTE,Galaxy,갤럭시,","출시일 : 21년 08월, 요약모델 : SM-R895, 펫네임 : 갤럭시 워치4 클래식 46mm LTE, 키워드 : 갤럭시워치4클래식,워치4클래식,GalaxyWatch4classic,watch4classic,watch4클래식,watch4,워치446mm,워치4LTE,Galaxy,갤럭시,"
21년 07월,SM-T220,갤럭시 탭 A7 Lite Wi-Fi,"삼성갤럭시탭A7LITE,갤럭시탭A7라이트,SM-T220,Galaxy,갤럭시,","출시일 : 21년 07월, 요약모델 : SM-T220, 펫네임 : 갤럭시 탭 A7 Lite Wi-Fi, 키워드 : 삼성갤럭시탭A7LITE,갤럭시탭A7라이트,SM-T220,Galaxy,갤럭시,"
21년 07월,SM-T225,갤럭시 탭 A7 Lite LTE,"갤럭시탭A7LTE,갤럭시탭A7라이트,SM-T225,Galaxy,갤럭시,","출시일 : 21년 07월, 요약모델 : SM-T225, 펫네임 : 갤럭시 탭 A7 Lite LTE, 키워드 : 갤럭시탭A7LTE,갤럭시탭A7라이트,SM-T225,Galaxy,갤럭시,"
21년 05월,SM-A326,갤럭시 점프,"갤럼시점프,갤점프,갤럭시jump,sm-a326,Galaxy,갤럭시,","출시일 : 21년 05월, 요약모델 : SM-A326, 펫네임 : 갤럭시 점프, 키워드 : 갤럼시점프,갤점프,갤럭시jump,sm-a326,Galaxy,갤럭시,"
21년 04월,SM-A826,갤럭시 퀀텀2,"갤럭시퀀텀2,Quamtum2,qumtum2,갤퀀텀2,갤럭시quantum2,GalaxyQuantum2,A826,SM-A826,GalaxyA826,갤럭시A826,갤럭시컨텀2,갤럭시퀀텀,갤럭시컨텀,Galaxy,갤럭시,","출시일 : 21년 04월, 요약모델 : SM-A826, 펫네임 : 갤럭시 퀀텀2, 키워드 : 갤럭시퀀텀2,Quamtum2,qumtum2,갤퀀텀2,갤럭시quantum2,GalaxyQuantum2,A826,SM-A826,GalaxyA826,갤럭시A826,갤럭시컨텀2,갤럭시퀀텀,갤럭시컨텀,Galaxy,갤럭시,"
21년 04월,SM-M127,갤럭시 M12,"갤럭시M12,GalaxyM12,갤럭시엠12,갤엠12,GalaxyM12,M127,Galaxy,갤럭시,","출시일 : 21년 04월, 요약모델 : SM-M127, 펫네임 : 갤럭시 M12, 키워드 : 갤럭시M12,GalaxyM12,갤럭시엠12,갤엠12,GalaxyM12,M127,Galaxy,갤럭시,"
21년 03월,SM-A325,갤럭시 A32,"갤럭시A32,갤A32,GalaxyA32,GALAXYA32,A325,Galaxy,갤럭시,","출시일 : 21년 03월, 요약모델 : SM-A325, 펫네임 : 갤럭시 A32, 키워드 : 갤럭시A32,갤A32,GalaxyA32,GALAXYA32,A325,Galaxy,갤럭시,"
21년 03월,SM-A426,갤럭시 A42,"갤a426,sm-a426,갤럭시a42,갤a42,Galaxy,갤럭시,","출시일 : 21년 03월, 요약모델 : SM-A426, 펫네임 : 갤럭시 A42, 키워드 : 갤a426,sm-a426,갤럭시a42,갤a42,Galaxy,갤럭시,"
21년 02월,SM-A125,갤럭시 A12,"갤럭시a125,sm-a125,갤럭시a12,SM-A125,갤a12,Galaxy,갤럭시,","출시일 : 21년 02월, 요약모델 : SM-A125, 펫네임 : 갤럭시 A12, 키워드 : 갤럭시a125,sm-a125,갤럭시a12,SM-A125,갤a12,Galaxy,갤럭시,"
21년 01월,SM-A102,갤럭시 A10e,"SM-A102,갤a10e,갤럭시A10e,Galaxy,갤럭시,","출시일 : 21년 01월, 요약모델 : SM-A102, 펫네임 : 갤럭시 A10e, 키워드 : SM-A102,갤a10e,갤럭시A10e,Galaxy,갤럭시,"
21년 01월,SM-G991,갤럭시 S21,"갤럭시S21,GALAXYS21,갤S21,에스21,galaxys21,갤S991,S991,겔록시S21,갤락시S21,Galaxy,갤럭시,","출시일 : 21년 01월, 요약모델 : SM-G991, 펫네임 : 갤럭시 S21, 키워드 : 갤럭시S21,GALAXYS21,갤S21,에스21,galaxys21,갤S991,S991,겔록시S21,갤락시S21,Galaxy,갤럭시,"
21년 01월,SM-G996,갤럭시 S21+,"갤럭시S21+,S21+,S21플러스,갤21+,에스21+,S21PLUS,GALAXYS21+,GalaxyS21플러스,galaxys21+,갤21플러스,S996,갤럭시S996,갤럭시S21+,Galaxy,갤럭시,","출시일 : 21년 01월, 요약모델 : SM-G996, 펫네임 : 갤럭시 S21+, 키워드 : 갤럭시S21+,S21+,S21플러스,갤21+,에스21+,S21PLUS,GALAXYS21+,GalaxyS21플러스,galaxys21+,갤21플러스,S996,갤럭시S996,갤럭시S21+,Galaxy,갤럭시,"
21년 01월,SM-G998,갤럭시 S21 Ultra,"S21ULTRA,S21 울트라,갤럭시21Ultra,갤S21울트라,삼성갤S21울트라,갤21Ultra,에스21Ultra,S21울트라,Galaxy21울트라,s998,GALAXYS998,갤록시s21u,S21U,GalaxyS21U,Galaxy,갤럭시,","출시일 : 21년 01월, 요약모델 : SM-G998, 펫네임 : 갤럭시 S21 Ultra, 키워드 : S21ULTRA,S21 울트라,갤럭시21Ultra,갤S21울트라,삼성갤S21울트라,갤21Ultra,에스21Ultra,S21울트라,Galaxy21울트라,s998,GALAXYS998,갤록시s21u,S21U,GalaxyS21U,Galaxy,갤럭시,"
21년 01월,SM-A102,갤럭시 A10e,"갤럭시a10e,갤A10E,Galaxy,갤럭시,","출시일 : 21년 01월, 요약모델 : SM-A102, 펫네임 : 갤럭시 A10e, 키워드 : 갤럭시a10e,갤A10E,Galaxy,갤럭시,"
20년 10월,SM-G781,갤럭시 S20 FE 5G,"갤s20fe,갤럭시에스20fe,갤럭시S20FE,갤S20FE,s20 fe,Galaxy,갤럭시,","출시일 : 20년 10월, 요약모델 : SM-G781, 펫네임 : 갤럭시 S20 FE 5G, 키워드 : 갤s20fe,갤럭시에스20fe,갤럭시S20FE,갤S20FE,s20 fe,Galaxy,갤럭시,"
20년 09월,SM-F707,갤럭시 Z 플립 5G,"Z플립5G,제트플립,Z플립5g,제트플립5G,갤럭시Z플립5G,F707,GalaxyZFLIP,ZFLIP,ZFLIP,FLIP,GalaxyFlip,Z플립5G,갤럭시Z플립5G,Galaxy,갤럭시,","출시일 : 20년 09월, 요약모델 : SM-F707, 펫네임 : 갤럭시 Z 플립 5G, 키워드 : Z플립5G,제트플립,Z플립5g,제트플립5G,갤럭시Z플립5G,F707,GalaxyZFLIP,ZFLIP,ZFLIP,FLIP,GalaxyFlip,Z플립5G,갤럭시Z플립5G,Galaxy,갤럭시,"
20년 09월,SM-F916,갤럭시 Z 폴드2 5G,"Z폴드2,Z폴드2,ZFOLD2,FOLD2,fold2,지폴드2,제트폴드2,갤럭시Z폴드2,GalaxyZFold2,Galaxy폴드2,GalaxyFold2,갤럭시ZFOLD2,SM-F916,F916,갤럭시F916,GalaxyZFold2,Galaxy,갤럭시,","출시일 : 20년 09월, 요약모델 : SM-F916, 펫네임 : 갤럭시 Z 폴드2 5G, 키워드 : Z폴드2,Z폴드2,ZFOLD2,FOLD2,fold2,지폴드2,제트폴드2,갤럭시Z폴드2,GalaxyZFold2,Galaxy폴드2,GalaxyFold2,갤럭시ZFOLD2,SM-F916,F916,갤럭시F916,GalaxyZFold2,Galaxy,갤럭시,"
20년 09월,SM-T500,갤럭시 탭 A7 Wi-Fi,"삼성갤럭시탭A7와이파이,TABA7와이파이,Taba7,Galaxy,갤럭시,","출시일 : 20년 09월, 요약모델 : SM-T500, 펫네임 : 갤럭시 탭 A7 Wi-Fi, 키워드 : 삼성갤럭시탭A7와이파이,TABA7와이파이,Taba7,Galaxy,갤럭시,"
20년 09월,SM-T505,갤럭시 탭 A7 LTE,"삼성갤럭시탭A7lte,탭a7,탭A7LTE,Taba7,Galaxy,갤럭시,","출시일 : 20년 09월, 요약모델 : SM-T505, 펫네임 : 갤럭시 탭 A7 LTE, 키워드 : 삼성갤럭시탭A7lte,탭a7,탭A7LTE,Taba7,Galaxy,갤럭시,"
20년 09월,SM-T575,갤럭시 탭 Active3,"갤럭시탭액티브3,갤럭시탭Active3,탭Active3,Galaxy,갤럭시,","출시일 : 20년 09월, 요약모델 : SM-T575, 펫네임 : 갤럭시 탭 Active3, 키워드 : 갤럭시탭액티브3,갤럭시탭Active3,탭Active3,Galaxy,갤럭시,"
20년 08월,SM-N981,갤럭시 노트20,"노트20,갤럭시노트20,note20,갤노트20,GalaxyNote20,n981,sm-n981,SMN981,Galaxy,갤럭시,","출시일 : 20년 08월, 요약모델 : SM-N981, 펫네임 : 갤럭시 노트20, 키워드 : 노트20,갤럭시노트20,note20,갤노트20,GalaxyNote20,n981,sm-n981,SMN981,Galaxy,갤럭시,"
20년 08월,SM-N986,갤럭시 노트20 Ultra,"노트20U,갤럭시노트20울트라,note20Ultra,갤노트20울트라,GalaxyNote20ultra,N986,SM-N986,Galaxy,갤럭시,","출시일 : 20년 08월, 요약모델 : SM-N986, 펫네임 : 갤럭시 노트20 Ultra, 키워드 : 노트20U,갤럭시노트20울트라,note20Ultra,갤노트20울트라,GalaxyNote20ultra,N986,SM-N986,Galaxy,갤럭시,"
20년 08월,SM-R840,갤럭시 워치3 45mm 블루투스,"갤럭시워치3,갤럭시워치345mm,GalaxyWatch3,GalaxyWatch3,galaxywatch345,갤럭시와치3,겔럭시워치3,갤워치3,GalaxyWatch345mm,갤럭시워치345블루투스,GalaxyWatch345mmbluetooth,워치345,Galaxy,갤럭시,","출시일 : 20년 08월, 요약모델 : SM-R840, 펫네임 : 갤럭시 워치3 45mm 블루투스, 키워드 : 갤럭시워치3,갤럭시워치345mm,GalaxyWatch3,GalaxyWatch3,galaxywatch345,갤럭시와치3,겔럭시워치3,갤워치3,GalaxyWatch345mm,갤럭시워치345블루투스,GalaxyWatch345mmbluetooth,워치345,Galaxy,갤럭시,"
20년 08월,SM-R845,갤럭시 워치3 45mm LTE,"갤럭시워치3,갤럭시워치345mm,GalaxyWatch3,GalaxyWatch3,galaxywatch345,갤럭시와치3,겔럭시워치3,갤워치3,GalaxyWatch345mm,갤럭시워치345LTE,GalaxyWatch345mmLTE,워치345,Galaxy,갤럭시,","출시일 : 20년 08월, 요약모델 : SM-R845, 펫네임 : 갤럭시 워치3 45mm LTE, 키워드 : 갤럭시워치3,갤럭시워치345mm,GalaxyWatch3,GalaxyWatch3,galaxywatch345,갤럭시와치3,겔럭시워치3,갤워치3,GalaxyWatch345mm,갤럭시워치345LTE,GalaxyWatch345mmLTE,워치345,Galaxy,갤럭시,"
20년 08월,SM-R850,갤럭시 워치3 41mm 블루투스,"갤럭시워치3,갤럭시워치341mm,GalaxyWatch3,GalaxyWatch3,galaxywatch341,갤럭시와치3,겔럭시워치3,갤워치3,GalaxyWatch341mm,갤럭시워치341블루투스,GalaxyWatch341mmbluetooth,워치341,Galaxy,갤럭시,","출시일 : 20년 08월, 요약모델 : SM-R850, 펫네임 : 갤럭시 워치3 41mm 블루투스, 키워드 : 갤럭시워치3,갤럭시워치341mm,GalaxyWatch3,GalaxyWatch3,galaxywatch341,갤럭시와치3,겔럭시워치3,갤워치3,GalaxyWatch341mm,갤럭시워치341블루투스,GalaxyWatch341mmbluetooth,워치341,Galaxy,갤럭시,"
20년 08월,SM-R855,갤럭시 워치3 41mm LTE,"갤럭시워치3,갤럭시워치341mm,GalaxyWatch3,GalaxyWatch3,galaxywatch341,갤럭시와치3,겔럭시워치3,갤워치3,GalaxyWatch341mm,갤럭시워치341LTE,GalaxyWatch341mmLTE,워치341,Galaxy,갤럭시,","출시일 : 20년 08월, 요약모델 : SM-R855, 펫네임 : 갤럭시 워치3 41mm LTE, 키워드 : 갤럭시워치3,갤럭시워치341mm,GalaxyWatch3,GalaxyWatch3,galaxywatch341,갤럭시와치3,겔럭시워치3,갤워치3,GalaxyWatch341mm,갤럭시워치341LTE,GalaxyWatch341mmLTE,워치341,Galaxy,갤럭시,"
20년 07월,SM-A217,갤럭시 A21s,"갤럭시A21S,A21S,GalaxyA21,Galaxya21,A217,갤럭시a21,Galaxy,갤럭시,","출시일 : 20년 07월, 요약모델 : SM-A217, 펫네임 : 갤럭시 A21s, 키워드 : 갤럭시A21S,A21S,GalaxyA21,Galaxya21,A217,갤럭시a21,Galaxy,갤럭시,"
20년 05월,SM-A315,갤럭시 A31,"갤럭시A31,GALAXYA31,A315,갤럭시31,갤A31,Galaxy,갤럭시,","출시일 : 20년 05월, 요약모델 : SM-A315, 펫네임 : 갤럭시 A31, 키워드 : 갤럭시A31,GALAXYA31,A315,갤럭시31,갤A31,Galaxy,갤럭시,"
20년 05월,SM-A516,갤럭시 A51 5G,"갤럭시A51,A515G,GalaxyA51,GalaxyA51,A516,갤A51,A515G,Galaxy,갤럭시,","출시일 : 20년 05월, 요약모델 : SM-A516, 펫네임 : 갤럭시 A51 5G, 키워드 : 갤럭시A51,A515G,GalaxyA51,GalaxyA51,A516,갤A51,A515G,Galaxy,갤럭시,"
20년 05월,SM-A716,갤럭시 A 퀀텀,"갤럭시A퀀텀,A퀀텀,갤퀀텀A,갤럭시AQUANTUM,AQuantum,갤A퀀텀,Galaxy,갤럭시,","출시일 : 20년 05월, 요약모델 : SM-A716, 펫네임 : 갤럭시 A 퀀텀, 키워드 : 갤럭시A퀀텀,A퀀텀,갤퀀텀A,갤럭시AQUANTUM,AQuantum,갤A퀀텀,Galaxy,갤럭시,"
20년 04월,SM-P610,갤럭시 탭 S6 Lite Wi-Fi,"갤럭시탭S6,TABS6,TABS6LITE,S6LITE,S6lite,s6라이트,탭S6라이트,갤탭s6,갤탭s6lite,P610,Galaxy,갤럭시,","출시일 : 20년 04월, 요약모델 : SM-P610, 펫네임 : 갤럭시 탭 S6 Lite Wi-Fi, 키워드 : 갤럭시탭S6,TABS6,TABS6LITE,S6LITE,S6lite,s6라이트,탭S6라이트,갤탭s6,갤탭s6lite,P610,Galaxy,갤럭시,"
20년 04월,SM-P615,갤럭시 탭 S6 Lite LTE,"갤럭시탭S6,TABS6,TABS6LITE,S6LITE,S6lite,s6라이트,탭S6라이트,갤탭s6,갤탭s6lite,P615,Galaxy,갤럭시,","출시일 : 20년 04월, 요약모델 : SM-P615, 펫네임 : 갤럭시 탭 S6 Lite LTE, 키워드 : 갤럭시탭S6,TABS6,TABS6LITE,S6LITE,S6lite,s6라이트,탭S6라이트,갤탭s6,갤탭s6lite,P615,Galaxy,갤럭시,"
20년 03월,SM-G981,갤럭시 S20,"SM-G981,갤럭시S20,GALAXYS20,갤S20,에스20,galaxys20,갤G981,G981,겔록시S20,겔락시S20,겔럭시S20,Galaxy,갤럭시,","출시일 : 20년 03월, 요약모델 : SM-G981, 펫네임 : 갤럭시 S20, 키워드 : SM-G981,갤럭시S20,GALAXYS20,갤S20,에스20,galaxys20,갤G981,G981,겔록시S20,겔락시S20,겔럭시S20,Galaxy,갤럭시,"
20년 03월,SM-G986,갤럭시 S20+,"SM-G986,갤럭시S20+,S20+,S20플러스,갤20+,에스20+,S20PLUS,GALAXYS20+,GalaxyS20플러스,galaxys20+,갤20플러스,G986,갤럭시G986,갤럭시S20+,Galaxy,갤럭시,","출시일 : 20년 03월, 요약모델 : SM-G986, 펫네임 : 갤럭시 S20+, 키워드 : SM-G986,갤럭시S20+,S20+,S20플러스,갤20+,에스20+,S20PLUS,GALAXYS20+,GalaxyS20플러스,galaxys20+,갤20플러스,G986,갤럭시G986,갤럭시S20+,Galaxy,갤럭시,"
20년 03월,SM-G988,갤럭시 S20 Ultra,"SM-G988,갤럭시20Ultra,갤S20울트라,삼성갤S20울트라,갤20Ultra,에스20Ultra,S20울트라,Galaxy20울트라,g988,GALAXYG988,갤록시s20u,S20U,GalaxyS20U,Galaxy,갤럭시,","출시일 : 20년 03월, 요약모델 : SM-G988, 펫네임 : 갤럭시 S20 Ultra, 키워드 : SM-G988,갤럭시20Ultra,갤S20울트라,삼성갤S20울트라,갤20Ultra,에스20Ultra,S20울트라,Galaxy20울트라,g988,GALAXYG988,갤록시s20u,S20U,GalaxyS20U,Galaxy,갤럭시,"
20년 02월,SM-F700,갤럭시 Z 플립,"Z플립,제트플립,갤럭시Z플립,F700,GalaxyZFLIP,ZFLIP,ZFLIP,FLIP,GalaxyFlip,제트플립,갤럭시제트플립,에프700,Zflip,flip,플맆,지플립,Galaxy,갤럭시,","출시일 : 20년 02월, 요약모델 : SM-F700, 펫네임 : 갤럭시 Z 플립, 키워드 : Z플립,제트플립,갤럭시Z플립,F700,GalaxyZFLIP,ZFLIP,ZFLIP,FLIP,GalaxyFlip,제트플립,갤럭시제트플립,에프700,Zflip,flip,플맆,지플립,Galaxy,갤럭시,"
20년 02월,SM-T866,갤럭시 탭 S6 5G,"탭S6,GalaxyTABS6,S65G,TabS6,T866,탭S866,갤탭S6,갤럭시탭S6,Galaxy,갤럭시,","출시일 : 20년 02월, 요약모델 : SM-T866, 펫네임 : 갤럭시 탭 S6 5G, 키워드 : 탭S6,GalaxyTABS6,S65G,TabS6,T866,탭S866,갤탭S6,갤럭시탭S6,Galaxy,갤럭시,"
19년 11월,SM-A805,갤럭시 A80,"갤럭시A80,갤럭시A80,A805,GalaxyA80,Galaxy,갤럭시,","출시일 : 19년 11월, 요약모델 : SM-A805, 펫네임 : 갤럭시 A80, 키워드 : 갤럭시A80,갤럭시A80,A805,GalaxyA80,Galaxy,갤럭시,"
19년 09월,SM-A908,갤럭시 A90 5G,"갤럭시A90,A905G,A905G,갤A90,A908,갤럭시 A 90,A905G,A905G,갤 A90,갤럭시A90 5G,Galaxy,갤럭시,","출시일 : 19년 09월, 요약모델 : SM-A908, 펫네임 : 갤럭시 A90 5G, 키워드 : 갤럭시A90,A905G,A905G,갤A90,A908,갤럭시 A 90,A905G,A905G,갤 A90,갤럭시A90 5G,Galaxy,갤럭시,"
19년 09월,SM-F907,갤럭시 폴드,"갤럭시폴드,Z폴드1,제트폴드,FOLD,fold1,zfold,GalaxyZFOLD,GalaxyFOLD,갤폴드1,갤Fold,ZFold,갤럭시fold,F907,Galaxy,갤럭시,","출시일 : 19년 09월, 요약모델 : SM-F907, 펫네임 : 갤럭시 폴드, 키워드 : 갤럭시폴드,Z폴드1,제트폴드,FOLD,fold1,zfold,GalaxyZFOLD,GalaxyFOLD,갤폴드1,갤Fold,ZFold,갤럭시fold,F907,Galaxy,갤럭시,"
19년 09월,SM-R820,갤럭시 워치 액티브2 44mm 블루투스,"갤럭시워치액티브2,갤럭시워치액티브2,워치액티브2,WATCHActive2,Active2,galaxywatchactive2,watchactive2,워치Active2,액티브244mm,active244,R820,Galaxy,갤럭시,워치2,갤 워치2,갤럭시 워치2,","출시일 : 19년 09월, 요약모델 : SM-R820, 펫네임 : 갤럭시 워치 액티브2 44mm 블루투스, 키워드 : 갤럭시워치액티브2,갤럭시워치액티브2,워치액티브2,WATCHActive2,Active2,galaxywatchactive2,watchactive2,워치Active2,액티브244mm,active244,R820,Galaxy,갤럭시,워치2,갤 워치2,갤럭시 워치2,"
19년 09월,SM-R825,갤럭시 워치 액티브2 44mm LTE,"갤럭시워치액티브2,갤럭시워치액티브2,워치액티브2,WATCHActive2,Active2,galaxywatchactive2,watchactive2,워치Active2,액티브244mm,active244,R825,Galaxy,갤럭시,워치2,갤 워치2,갤럭시 워치2,","출시일 : 19년 09월, 요약모델 : SM-R825, 펫네임 : 갤럭시 워치 액티브2 44mm LTE, 키워드 : 갤럭시워치액티브2,갤럭시워치액티브2,워치액티브2,WATCHActive2,Active2,galaxywatchactive2,watchactive2,워치Active2,액티브244mm,active244,R825,Galaxy,갤럭시,워치2,갤 워치2,갤럭시 워치2,"
19년 09월,SM-R830,갤럭시 워치 액티브2 40mm 블루투스,"갤럭시워치액티브2,갤럭시워치액티브2,워치액티브2,WATCHActive2,Active2,galaxywatchactive2,watchactive2,워치Active2,액티브240mm,active240,R830,Galaxy,갤럭시,워치2,갤 워치2,갤럭시 워치2,","출시일 : 19년 09월, 요약모델 : SM-R830, 펫네임 : 갤럭시 워치 액티브2 40mm 블루투스, 키워드 : 갤럭시워치액티브2,갤럭시워치액티브2,워치액티브2,WATCHActive2,Active2,galaxywatchactive2,watchactive2,워치Active2,액티브240mm,active240,R830,Galaxy,갤럭시,워치2,갤 워치2,갤럭시 워치2,"
19년 09월,SM-R835,갤럭시 워치 액티브2 40mm LTE,"갤럭시워치액티브2,갤럭시워치액티브2,워치액티브2,WATCHActive2,Active2,galaxywatchactive2,watchactive2,워치Active2,액티브240mm,active240,R835,Galaxy,갤럭시,워치2,갤 워치2,갤럭시 워치2,","출시일 : 19년 09월, 요약모델 : SM-R835, 펫네임 : 갤럭시 워치 액티브2 40mm LTE, 키워드 : 갤럭시워치액티브2,갤럭시워치액티브2,워치액티브2,WATCHActive2,Active2,galaxywatchactive2,watchactive2,워치Active2,액티브240mm,active240,R835,Galaxy,갤럭시,워치2,갤 워치2,갤럭시 워치2,"
19년 08월,SM-N971,갤럭시 노트10,"NOTE10,NOTE10,GalaxyNOTE10,갤노트10,갤놋10,갤럭시노트10,겔럭시노트10,겔록시노트10,겔노트10,GalaxyNote10,Galaxy노트10,Galaxy,갤럭시,","출시일 : 19년 08월, 요약모델 : SM-N971, 펫네임 : 갤럭시 노트10, 키워드 : NOTE10,NOTE10,GalaxyNOTE10,갤노트10,갤놋10,갤럭시노트10,겔럭시노트10,겔록시노트10,겔노트10,GalaxyNote10,Galaxy노트10,Galaxy,갤럭시,"
19년 08월,SM-N976,갤럭시 노트10+,"NOTE10+,NOTE10+,GalaxyNOTE10+,갤노트10+,갤놋10+,갤럭시노트10+,겔럭시노트10+,겔록시노트10+,겔노트10+,GalaxyNote10+,Galaxy노트10+,노트10플러스,노트10plus,note10plus,Galaxy,갤럭시,","출시일 : 19년 08월, 요약모델 : SM-N976, 펫네임 : 갤럭시 노트10+, 키워드 : NOTE10+,NOTE10+,GalaxyNOTE10+,갤노트10+,갤놋10+,갤럭시노트10+,겔럭시노트10+,겔록시노트10+,겔노트10+,GalaxyNote10+,Galaxy노트10+,노트10플러스,노트10plus,note10plus,Galaxy,갤럭시,"
19년 08월,SM-T290,갤럭시 탭 A 8.0 2019 Wi-Fi,"탭a8.0,탭A8,갤럭시갤럭시탭A8.02019WiFi,Galaxy,갤럭시,","출시일 : 19년 08월, 요약모델 : SM-T290, 펫네임 : 갤럭시 탭 A 8.0 2019 Wi-Fi, 키워드 : 탭a8.0,탭A8,갤럭시갤럭시탭A8.02019WiFi,Galaxy,갤럭시,"
19년 08월,SM-T295,갤럭시 탭 A 8.0 2019 LTE,"탭a8.0,탭A8,갤럭시갤럭시탭A8.02020lte,Galaxy,갤럭시,","출시일 : 19년 08월, 요약모델 : SM-T295, 펫네임 : 갤럭시 탭 A 8.0 2019 LTE, 키워드 : 탭a8.0,탭A8,갤럭시갤럭시탭A8.02020lte,Galaxy,갤럭시,"
19년 08월,SM-T860,갤럭시 탭 S6 Wi-Fi,"갤럭시탭S6Wi-Fi,태블릿s6,탭S6WIFI,Galaxy,갤럭시,","출시일 : 19년 08월, 요약모델 : SM-T860, 펫네임 : 갤럭시 탭 S6 Wi-Fi, 키워드 : 갤럭시탭S6Wi-Fi,태블릿s6,탭S6WIFI,Galaxy,갤럭시,"
19년 08월,SM-T865,갤럭시 탭 S6 LTE,"갤럭시탭S6lte,태블릿s6,탭S6lte,Galaxy,갤럭시,","출시일 : 19년 08월, 요약모델 : SM-T865, 펫네임 : 갤럭시 탭 S6 LTE, 키워드 : 갤럭시탭S6lte,태블릿s6,탭S6lte,Galaxy,갤럭시,"
19년 07월,SM-A405,갤럭시 A40,"갤럭시A40,갤A40,갤럭시a40,갤a40,Galaxy,갤럭시,","출시일 : 19년 07월, 요약모델 : SM-A405, 펫네임 : 갤럭시 A40, 키워드 : 갤럭시A40,갤A40,갤럭시a40,갤a40,Galaxy,갤럭시,"
19년 07월,SM-M205,갤럭시 M20,"갤m20,갤M20,갤럭시M20,SM-M205,Galaxy,갤럭시,","출시일 : 19년 07월, 요약모델 : SM-M205, 펫네임 : 갤럭시 M20, 키워드 : 갤m20,갤M20,갤럭시M20,SM-M205,Galaxy,갤럭시,"
19년 06월,SM-A505,갤럭시 A50,"갤럭시A50,갤A50,갤럭시a50,Galaxy,갤럭시,","출시일 : 19년 06월, 요약모델 : SM-A505, 펫네임 : 갤럭시 A50, 키워드 : 갤럭시A50,갤A50,갤럭시a50,Galaxy,갤럭시,"
19년 06월,SM-A202,갤럭시 Jean2,"갤럭시진2,갤럭시Jean2,갤jean2,삼성진2,갤럭시진2,Galaxy,갤럭시,","출시일 : 19년 06월, 요약모델 : SM-A202, 펫네임 : 갤럭시 Jean2, 키워드 : 갤럭시진2,갤럭시Jean2,갤jean2,삼성진2,갤럭시진2,Galaxy,갤럭시,"
19년 06월,SM-P200,갤럭시 탭 A With S Pen,"갤럭시탭awithspen,탭aspen,탭a에스펜,탭AS펜,Galaxy,갤럭시,","출시일 : 19년 06월, 요약모델 : SM-P200, 펫네임 : 갤럭시 탭 A With S Pen, 키워드 : 갤럭시탭awithspen,탭aspen,탭a에스펜,탭AS펜,Galaxy,갤럭시,"
19년 05월,SM-A105,갤럭시 A10,"갤럭시A10,SM-A105N,A10,갤럭시A10,GALAXYA10,GalaxyA10,갤럭시A105,A105,겔럭시A10,GalaxyA10,Galaxy,갤럭시,","출시일 : 19년 05월, 요약모델 : SM-A105, 펫네임 : 갤럭시 A10, 키워드 : 갤럭시A10,SM-A105N,A10,갤럭시A10,GALAXYA10,GalaxyA10,갤럭시A105,A105,겔럭시A10,GalaxyA10,Galaxy,갤럭시,"
19년 05월,SM-A205,갤럭시 와이드4,"갤럭시와이드4,WIDE4,와이드4,SM-A205,갤와이드4,WIDE4,Galaxywide4,Galaxy와이드4,Galaxy,갤럭시,","출시일 : 19년 05월, 요약모델 : SM-A205, 펫네임 : 갤럭시 와이드4, 키워드 : 갤럭시와이드4,WIDE4,와이드4,SM-A205,갤와이드4,WIDE4,Galaxywide4,Galaxy와이드4,Galaxy,갤럭시,"
19년 05월,SM-T510,"갤럭시 탭 A 10.1 2019, Wi-Fi","탭a10.1,탭A8,갤럭시갤럭시탭A10.12019WiFi,Galaxy,갤럭시,","출시일 : 19년 05월, 요약모델 : SM-T510, 펫네임 : 갤럭시 탭 A 10.1 2019, Wi-Fi, 키워드 : 탭a10.1,탭A8,갤럭시갤럭시탭A10.12019WiFi,Galaxy,갤럭시,"
19년 05월,SM-T515,"갤럭시 탭 A 10.1 2019, LTE","탭a10.1,탭A8,갤럭시갤럭시탭A10.12019lte,Galaxy,갤럭시,","출시일 : 19년 05월, 요약모델 : SM-T515, 펫네임 : 갤럭시 탭 A 10.1 2019, LTE, 키워드 : 탭a10.1,탭A8,갤럭시갤럭시탭A10.12019lte,Galaxy,갤럭시,"
19년 04월,SM-A305,갤럭시 A30,"갤럭시A30,SM-A305N,A30,갤럭시A30,GALAXYA30,GalaxyA30,갤럭시A305,A305,겔럭시A30,GalaxyA30,Galaxy,갤럭시,","출시일 : 19년 04월, 요약모델 : SM-A305, 펫네임 : 갤럭시 A30, 키워드 : 갤럭시A30,SM-A305N,A30,갤럭시A30,GALAXYA30,GalaxyA30,갤럭시A305,A305,겔럭시A30,GalaxyA30,Galaxy,갤럭시,"
19년 04월,SM-T720,갤럭시 탭 S5e Wi-Fi,"갤럭시탭S5eWi-Fi,태블릿S5e,탭S5EWIFI,Galaxy,갤럭시,","출시일 : 19년 04월, 요약모델 : SM-T720, 펫네임 : 갤럭시 탭 S5e Wi-Fi, 키워드 : 갤럭시탭S5eWi-Fi,태블릿S5e,탭S5EWIFI,Galaxy,갤럭시,"
19년 04월,SM-T725,갤럭시 탭 S5e LTE,"갤럭시탭S5elte,태블릿S5elte,탭s5e,탭S5elte,Galaxy,갤럭시,","출시일 : 19년 04월, 요약모델 : SM-T725, 펫네임 : 갤럭시 탭 S5e LTE, 키워드 : 갤럭시탭S5elte,태블릿S5elte,탭s5e,탭S5elte,Galaxy,갤럭시,"
19년 03월,SM-G970,갤럭시 S10e,"SM-G970,갤럭시S10E,GALAXYS10E,갤S10e,에스10e,galaxys10e,갤G970e,G970e,겔록시S10e,갤락시S10e,갤에스10e,970E,Galaxy,갤럭시,","출시일 : 19년 03월, 요약모델 : SM-G970, 펫네임 : 갤럭시 S10e, 키워드 : SM-G970,갤럭시S10E,GALAXYS10E,갤S10e,에스10e,galaxys10e,갤G970e,G970e,겔록시S10e,갤락시S10e,갤에스10e,970E,Galaxy,갤럭시,"
19년 03월,SM-G973,갤럭시 S10,"SM-G973,갤럭시S10,GALAXYS10,갤S10,에스10,galaxys10,갤G973,G973,겔록시S10,갤락시S10,갤에스10,Galaxy,갤럭시,","출시일 : 19년 03월, 요약모델 : SM-G973, 펫네임 : 갤럭시 S10, 키워드 : SM-G973,갤럭시S10,GALAXYS10,갤S10,에스10,galaxys10,갤G973,G973,겔록시S10,갤락시S10,갤에스10,Galaxy,갤럭시,"
19년 03월,SM-G975,갤럭시 S10+,"SM-G975,갤럭시S10+,S10+,S10플러스,갤10+,에스10+,S10PLUS,GALAXYS10+,GalaxyS10플러스,galaxys10+,갤10플러스,G975,갤럭시G975,갤럭시S10+,Galaxy,갤럭시,","출시일 : 19년 03월, 요약모델 : SM-G975, 펫네임 : 갤럭시 S10+, 키워드 : SM-G975,갤럭시S10+,S10+,S10플러스,갤10+,에스10+,S10PLUS,GALAXYS10+,GalaxyS10플러스,galaxys10+,갤10플러스,G975,갤럭시G975,갤럭시S10+,Galaxy,갤럭시,"
19년 03월,SM-G977,갤럭시 S10 5G,"SM-G977,갤럭시10,갤S10,삼성갤S10,갤S10,에스10,S10,Galaxy10,G977,GALAXYG977,갤록시s10,S10,GalaxyS10,Galaxy,갤럭시,","출시일 : 19년 03월, 요약모델 : SM-G977, 펫네임 : 갤럭시 S10 5G, 키워드 : SM-G977,갤럭시10,갤S10,삼성갤S10,갤S10,에스10,S10,Galaxy10,G977,GALAXYG977,갤록시s10,S10,GalaxyS10,Galaxy,갤럭시,"
19년 03월,SM-R500,갤럭시 워치 액티브,"갤럭시워치액티브,갤럭시워치액티브,워치액티브,WATCHActive,Active,galaxywatchactive,watchactive,워치Active,액티브44mm,active44,R500,Galaxy,갤럭시,","출시일 : 19년 03월, 요약모델 : SM-R500, 펫네임 : 갤럭시 워치 액티브, 키워드 : 갤럭시워치액티브,갤럭시워치액티브,워치액티브,WATCHActive,Active,galaxywatchactive,watchactive,워치Active,액티브44mm,active44,R500,Galaxy,갤럭시,"
19년 01월,SM-G887,갤럭시 A9 Pro,"g887,a9프로,a9pro,sm-g887,Galaxy A9PRO,갤럭시A9PRO,갤A9프로,Galaxy,갤럭시,","출시일 : 19년 01월, 요약모델 : SM-G887, 펫네임 : 갤럭시 A9 Pro, 키워드 : g887,a9프로,a9pro,sm-g887,Galaxy A9PRO,갤럭시A9PRO,갤A9프로,Galaxy,갤럭시,"
18년 12월,SM-A920,갤럭시 A9 2018,"a920,a92018,a92018,sm-a920,sm920,Galaxy A92018,Galaxy,갤럭시,","출시일 : 18년 12월, 요약모델 : SM-A920, 펫네임 : 갤럭시 A9 2018, 키워드 : a920,a92018,a92018,sm-a920,sm920,Galaxy A92018,Galaxy,갤럭시,"
18년 11월,SM-J415,갤럭시 J4+,"갤럭시j4플러스,갤j4+,갤J4+,갤제이사플러스,갤럭시J4플러스,J415,SM-J415,Galaxy,갤럭시,","출시일 : 18년 11월, 요약모델 : SM-J415, 펫네임 : 갤럭시 J4+, 키워드 : 갤럭시j4플러스,갤j4+,갤J4+,갤제이사플러스,갤럭시J4플러스,J415,SM-J415,Galaxy,갤럭시,"
18년 10월,SM-A750,갤럭시 A7 2018,"A72018,a72018,갤a72018,갤럭시A72018,Galaxy,갤럭시,","출시일 : 18년 10월, 요약모델 : SM-A750, 펫네임 : 갤럭시 A7 2018, 키워드 : A72018,a72018,갤a72018,갤럭시A72018,Galaxy,갤럭시,"
18년 09월,SM-T590,갤럭시 탭 A 10.5 Wi-Fi,"탭A10.5WIFI,TABA10.5,TABA10.5Wi-Fi,taba10.5,태블릿a10.5,a10.5WiFi,A10.5Wi-Fi,탭에이10.5,탭A10.5WIFI,A10.5wi-fi,SM-T590,Galaxy,갤럭시,","출시일 : 18년 09월, 요약모델 : SM-T590, 펫네임 : 갤럭시 탭 A 10.5 Wi-Fi, 키워드 : 탭A10.5WIFI,TABA10.5,TABA10.5Wi-Fi,taba10.5,태블릿a10.5,a10.5WiFi,A10.5Wi-Fi,탭에이10.5,탭A10.5WIFI,A10.5wi-fi,SM-T590,Galaxy,갤럭시,"
18년 09월,SM-T595,갤럭시 탭 A 10.5 LTE,"탭A10.5LTE,TABA10.5,TABA10.5LTE,tabA10.5,태블릿A10.5,A10.5LTE,A10.5Wi-Fi,탭에이10.5,탭A10.5LTE,A10.5LTE,SM-T595,T595,Galaxy,갤럭시,","출시일 : 18년 09월, 요약모델 : SM-T595, 펫네임 : 갤럭시 탭 A 10.5 LTE, 키워드 : 탭A10.5LTE,TABA10.5,TABA10.5LTE,tabA10.5,태블릿A10.5,A10.5LTE,A10.5Wi-Fi,탭에이10.5,탭A10.5LTE,A10.5LTE,SM-T595,T595,Galaxy,갤럭시,"
18년 09월,SM-T870,갤럭시 탭 S7 Wi-Fi,"갤럭시탭s7,갤탭S7,갤탭s7,갤럭시태블릿에스7,갤럭시탭s7,SM-T870,갤럭시탭S7Wi-Fi,T870,Galaxy,갤럭시,","출시일 : 18년 09월, 요약모델 : SM-T870, 펫네임 : 갤럭시 탭 S7 Wi-Fi, 키워드 : 갤럭시탭s7,갤탭S7,갤탭s7,갤럭시태블릿에스7,갤럭시탭s7,SM-T870,갤럭시탭S7Wi-Fi,T870,Galaxy,갤럭시,"
18년 09월,SM-T875,갤럭시 탭 S7 LTE,"갤럭시탭s7엘티이,갤탭S7,갤탭s7,갤럭시태블릿에스7,갤럭시탭s7,SM-T875,갤럭시탭S7LTE,T875,갤럭시탭s7,Galaxy,갤럭시,","출시일 : 18년 09월, 요약모델 : SM-T875, 펫네임 : 갤럭시 탭 S7 LTE, 키워드 : 갤럭시탭s7엘티이,갤탭S7,갤탭s7,갤럭시태블릿에스7,갤럭시탭s7,SM-T875,갤럭시탭S7LTE,T875,갤럭시탭s7,Galaxy,갤럭시,"
18년 09월,SM-T970,갤럭시 탭 S7+ Wi-Fi,"갤럭시탭s7+,갤탭s7+,갤탭s7+,갤럭시태블릿에스7플러스,갤럭시탭s7+,SM-T970,갤럭시탭s7+와이파이,T970,갤럭시탭s7+wifi,Galaxy,갤럭시,","출시일 : 18년 09월, 요약모델 : SM-T970, 펫네임 : 갤럭시 탭 S7+ Wi-Fi, 키워드 : 갤럭시탭s7+,갤탭s7+,갤탭s7+,갤럭시태블릿에스7플러스,갤럭시탭s7+,SM-T970,갤럭시탭s7+와이파이,T970,갤럭시탭s7+wifi,Galaxy,갤럭시,"
18년 09월,SM-T975,갤럭시 탭 S7+ LTE,"갤럭시탭s7+엘티이,갤탭s7+,갤탭s7+,갤럭시태블릿에스7플러스,갤럭시탭s7+,SM-T975,갤럭시탭s7+LTE,T975,갤럭시탭s7+,Galaxy,갤럭시,","출시일 : 18년 09월, 요약모델 : SM-T975, 펫네임 : 갤럭시 탭 S7+ LTE, 키워드 : 갤럭시탭s7+엘티이,갤탭s7+,갤탭s7+,갤럭시태블릿에스7플러스,갤럭시탭s7+,SM-T975,갤럭시탭s7+LTE,T975,갤럭시탭s7+,Galaxy,갤럭시,"
18년 09월,SM-T976,갤럭시 탭 S7+ 5G,"갤럭시탭s7+엘티이,갤탭s7+,갤탭s7+,갤탭s7+5g,갤럭시태블릿에스7플러스,갤럭시탭s7+,SM-T976,갤럭시탭s7+5g,T976,갤럭시탭s7+,Galaxy,갤럭시,","출시일 : 18년 09월, 요약모델 : SM-T976, 펫네임 : 갤럭시 탭 S7+ 5G, 키워드 : 갤럭시탭s7+엘티이,갤탭s7+,갤탭s7+,갤탭s7+5g,갤럭시태블릿에스7플러스,갤럭시탭s7+,SM-T976,갤럭시탭s7+5g,T976,갤럭시탭s7+,Galaxy,갤럭시,"
18년 08월,SM-N960,갤럭시 노트9,"노트9,갤럭시노트9,갤노트9,note9,노트나인,N960,SM-N960,Galaxy N960,GALAXY NOTE9,Galaxy,갤럭시,","출시일 : 18년 08월, 요약모델 : SM-N960, 펫네임 : 갤럭시 노트9, 키워드 : 노트9,갤럭시노트9,갤노트9,note9,노트나인,N960,SM-N960,Galaxy N960,GALAXY NOTE9,Galaxy,갤럭시,"
18년 08월,SM-R800,갤럭시 워치 46mm 블루투스,"워치46미리블투,워치46블루투스,워치46mm블루투스,워치46mm블투,Galaxy,갤럭시,","출시일 : 18년 08월, 요약모델 : SM-R800, 펫네임 : 갤럭시 워치 46mm 블루투스, 키워드 : 워치46미리블투,워치46블루투스,워치46mm블루투스,워치46mm블투,Galaxy,갤럭시,"
18년 08월,SM-R805,갤럭시 워치 46mm LTE,"워치46미리lte,워치46LTE,워치46mmLTE,워치46mmlte,Galaxy,갤럭시,","출시일 : 18년 08월, 요약모델 : SM-R805, 펫네임 : 갤럭시 워치 46mm LTE, 키워드 : 워치46미리lte,워치46LTE,워치46mmLTE,워치46mmlte,Galaxy,갤럭시,"
18년 08월,SM-R810,갤럭시 워치 42mm 블루투스,"워치42mmbt,갤럭시워치,갤럭시워치42mm,GalaxyWatch,GalaxyWatch,galaxywatch42,갤럭시와치,겔럭시워치,갤워치,GalaxyWatch42mm,갤럭시워치42BT,GalaxyWatch42mmBT,워치42,Galaxy,갤럭시,","출시일 : 18년 08월, 요약모델 : SM-R810, 펫네임 : 갤럭시 워치 42mm 블루투스, 키워드 : 워치42mmbt,갤럭시워치,갤럭시워치42mm,GalaxyWatch,GalaxyWatch,galaxywatch42,갤럭시와치,겔럭시워치,갤워치,GalaxyWatch42mm,갤럭시워치42BT,GalaxyWatch42mmBT,워치42,Galaxy,갤럭시,"
18년 08월,SM-R815,갤럭시 워치 42mm LTE,"워치42mm,갤럭시워치,갤럭시워치42mm,GalaxyWatch,GalaxyWatch,galaxywatch42,갤럭시와치,겔럭시워치,갤워치,GalaxyWatch42mm,갤럭시워치42LTE,GalaxyWatch42mmLTE,워치43,Galaxy,갤럭시,","출시일 : 18년 08월, 요약모델 : SM-R815, 펫네임 : 갤럭시 워치 42mm LTE, 키워드 : 워치42mm,갤럭시워치,갤럭시워치42mm,GalaxyWatch,GalaxyWatch,galaxywatch42,갤럭시와치,겔럭시워치,갤워치,GalaxyWatch42mm,갤럭시워치42LTE,GalaxyWatch42mmLTE,워치43,Galaxy,갤럭시,"
18년 08월,SM-T830,갤럭시 탭 S4 Wi-Fi,"갤럭시탭s4,갤탭s4,갤탭s4,갤럭시태블릿에스4,갤럭시탭s4,SM-T830,갤럭시탭s4Wi-Fi,T830,갤탭S4,Galaxy,갤럭시,","출시일 : 18년 08월, 요약모델 : SM-T830, 펫네임 : 갤럭시 탭 S4 Wi-Fi, 키워드 : 갤럭시탭s4,갤탭s4,갤탭s4,갤럭시태블릿에스4,갤럭시탭s4,SM-T830,갤럭시탭s4Wi-Fi,T830,갤탭S4,Galaxy,갤럭시,"
18년 08월,SM-T835,갤럭시 탭 S4 LTE,"갤럭시탭s4,갤탭s4,갤탭s4,갤럭시태블릿에스4,갤럭시탭s4,SM-T835,갤럭시탭s4lte,T835,갤탭S4LTE,Galaxy,갤럭시,","출시일 : 18년 08월, 요약모델 : SM-T835, 펫네임 : 갤럭시 탭 S4 LTE, 키워드 : 갤럭시탭s4,갤탭s4,갤탭s4,갤럭시태블릿에스4,갤럭시탭s4,SM-T835,갤럭시탭s4lte,T835,갤탭S4LTE,Galaxy,갤럭시,"
18년 07월,SM-G885,갤럭시 A8 Star,"A8STAR,A8스타,갤a8star,갤럭시a8스타,갤a8스타,Galaxy,갤럭시,","출시일 : 18년 07월, 요약모델 : SM-G885, 펫네임 : 갤럭시 A8 Star, 키워드 : A8STAR,A8스타,갤a8star,갤럭시a8스타,갤a8스타,Galaxy,갤럭시,"
18년 06월,SM-A600,갤럭시 A6,"갤a6,갤럭시A6,sm-a600,갤럭시A6,갤럭시A6,Galaxy,갤럭시,","출시일 : 18년 06월, 요약모델 : SM-A600, 펫네임 : 갤럭시 A6, 키워드 : 갤a6,갤럭시A6,sm-a600,갤럭시A6,갤럭시A6,Galaxy,갤럭시,"
18년 06월,SM-A605,갤럭시 Jean,"갤럭시jean,갤JEAN,갤jean,sm-a605,Galaxy,갤럭시,","출시일 : 18년 06월, 요약모델 : SM-A605, 펫네임 : 갤럭시 Jean, 키워드 : 갤럭시jean,갤JEAN,갤jean,sm-a605,Galaxy,갤럭시,"
18년 06월,SM-J600,갤럭시 J6,"갤j6,갤럭시j6,sm-j600,갤럭시j6,갤럭시j6,Galaxy,갤럭시,","출시일 : 18년 06월, 요약모델 : SM-J600, 펫네임 : 갤럭시 J6, 키워드 : 갤j6,갤럭시j6,sm-j600,갤럭시j6,갤럭시j6,Galaxy,갤럭시,"
18년 06월,SM-T583,갤럭시 탭 Advanced2,"갤탭어드벤스2,갤럭시어드밴스2,탭어드밴스2,tabAdvanced2,TabAdvanced2,Galaxy,갤럭시,","출시일 : 18년 06월, 요약모델 : SM-T583, 펫네임 : 갤럭시 탭 Advanced2, 키워드 : 갤탭어드벤스2,갤럭시어드밴스2,탭어드밴스2,tabAdvanced2,TabAdvanced2,Galaxy,갤럭시,"
18년 05월,SM-J737,갤럭시 와이드3,"와이드3,갤럭시와이드3,WIDE3,SM-j737,갤와이드3,wide3,Galaxy,갤럭시,","출시일 : 18년 05월, 요약모델 : SM-J737, 펫네임 : 갤럭시 와이드3, 키워드 : 와이드3,갤럭시와이드3,WIDE3,SM-j737,갤와이드3,wide3,Galaxy,갤럭시,"
18년 04월,SM-J250,갤럭시 J2 Pro,"갤럭시J2프로,갤J2PRO,갤J2pro,sm-j250,Galaxy,갤럭시,","출시일 : 18년 04월, 요약모델 : SM-J250, 펫네임 : 갤럭시 J2 Pro, 키워드 : 갤럭시J2프로,갤J2PRO,갤J2pro,sm-j250,Galaxy,갤럭시,"
18년 03월,SM-G960,갤럭시 S9,"SM-G960,갤럭시s9,GALAXYs9,갤s9,에스9,galaxys9,갤G960,G960,겔록시s9,갤락시s9,갤에스9,갤럭시G960,Galaxy,갤럭시,","출시일 : 18년 03월, 요약모델 : SM-G960, 펫네임 : 갤럭시 S9, 키워드 : SM-G960,갤럭시s9,GALAXYs9,갤s9,에스9,galaxys9,갤G960,G960,겔록시s9,갤락시s9,갤에스9,갤럭시G960,Galaxy,갤럭시,"
18년 03월,SM-G965,갤럭시 S9+,"SM-G965,갤럭시s9+,s9+,s9플러스,갤9+,에스9+,s9PLUS,GALAXYs9+,Galaxys9플러스,galaxys9+,갤9플러스,G965,갤럭시G965,갤럭시s9+,Galaxy,갤럭시,","출시일 : 18년 03월, 요약모델 : SM-G965, 펫네임 : 갤럭시 S9+, 키워드 : SM-G965,갤럭시s9+,s9+,s9플러스,갤9+,에스9+,s9PLUS,GALAXYs9+,Galaxys9플러스,galaxys9+,갤9플러스,G965,갤럭시G965,갤럭시s9+,Galaxy,갤럭시,"
18년 02월,SM-G611,갤럭시 On7 Prime,"갤럭시온7프라임,On7Prime,On7Prime,갤온7프라임,SM-G611,Galaxy,갤럭시,","출시일 : 18년 02월, 요약모델 : SM-G611, 펫네임 : 갤럭시 On7 Prime, 키워드 : 갤럭시온7프라임,On7Prime,On7Prime,갤온7프라임,SM-G611,Galaxy,갤럭시,"
18년 01월,SM-A530,갤럭시 A8 2018,"A82018,갤a82018,갤럭시A82018,SM-A530,A530,갤럭시A530,에이530,Galaxy,갤럭시,","출시일 : 18년 01월, 요약모델 : SM-A530, 펫네임 : 갤럭시 A8 2018, 키워드 : A82018,갤a82018,갤럭시A82018,SM-A530,A530,갤럭시A530,에이530,Galaxy,갤럭시,"
17년 11월,SM-G888,철도청 전용 단말,"sm-g888,철도청단말기,G888,갤럭시G888,Galaxy,갤럭시,","출시일 : 17년 11월, 요약모델 : SM-G888, 펫네임 : 철도청 전용 단말, 키워드 : sm-g888,철도청단말기,G888,갤럭시G888,Galaxy,갤럭시,"
17년 11월,SM-T380,갤럭시 탭 A 2017 Wi-Fi,"탭A2017WIFI,TABA2017,TABA2017Wi-Fi,taba2017,태블릿a2017,a2017WiFi,A2017Wi-Fi,탭에이2017,탭A2017WIFI,A2017wi-fi,SM-T380,Galaxy,갤럭시,","출시일 : 17년 11월, 요약모델 : SM-T380, 펫네임 : 갤럭시 탭 A 2017 Wi-Fi, 키워드 : 탭A2017WIFI,TABA2017,TABA2017Wi-Fi,taba2017,태블릿a2017,a2017WiFi,A2017Wi-Fi,탭에이2017,탭A2017WIFI,A2017wi-fi,SM-T380,Galaxy,갤럭시,"
17년 11월,SM-T395,갤럭시 탭 Active2,"탭Active2,갤탭액티브2,갤럭시액티브2,탭엑티브2,tabActive2,TabActive2,SM-T395,SM-T395,Galaxy,갤럭시,","출시일 : 17년 11월, 요약모델 : SM-T395, 펫네임 : 갤럭시 탭 Active2, 키워드 : 탭Active2,갤탭액티브2,갤럭시액티브2,탭엑티브2,tabActive2,TabActive2,SM-T395,SM-T395,Galaxy,갤럭시,"
17년 10월,SM-J330,갤럭시 J3 2017,"sm-j32017,j32017,J32017,sm-j330,Galaxy,갤럭시,","출시일 : 17년 10월, 요약모델 : SM-J330, 펫네임 : 갤럭시 J3 2017, 키워드 : sm-j32017,j32017,J32017,sm-j330,Galaxy,갤럭시,"
17년 10월,SM-R600,기어 스포츠,"sm-r600,기어스포츠,gear스포츠,GEAR SPROTS,Galaxy,갤럭시,","출시일 : 17년 10월, 요약모델 : SM-R600, 펫네임 : 기어 스포츠, 키워드 : sm-r600,기어스포츠,gear스포츠,GEAR SPROTS,Galaxy,갤럭시,"
17년 10월,SM-T385,갤럭시 탭 A 2017 LTE,"탭A2017lte,TABA2017,TABA2017LTE,taba2017,태블릿a2017,a2017lte,A2017LTE,탭에이2017,탭A2017lte,A2017L,SM-T385,Galaxy,갤럭시,","출시일 : 17년 10월, 요약모델 : SM-T385, 펫네임 : 갤럭시 탭 A 2017 LTE, 키워드 : 탭A2017lte,TABA2017,TABA2017LTE,taba2017,태블릿a2017,a2017lte,A2017LTE,탭에이2017,탭A2017lte,A2017L,SM-T385,Galaxy,갤럭시,"
17년 09월,SM-N950,갤럭시 노트8,"갤럭시 노트8,갤럭시노트 8,노트8,갤럭시노트8,note8,갤노트8,GalaxyNote8,Galaxy NOTE8,갤럭시N950,N950,SM-N950,Galaxy,갤럭시,","출시일 : 17년 09월, 요약모델 : SM-N950, 펫네임 : 갤럭시 노트8, 키워드 : 갤럭시 노트8,갤럭시노트 8,노트8,갤럭시노트8,note8,갤노트8,GalaxyNote8,Galaxy NOTE8,갤럭시N950,N950,SM-N950,Galaxy,갤럭시,"
17년 09월,SM-R365,기어 핏2 Pro,"기어핏2,기어핏2pro,fit2pro,기어fit2프로,Galaxy,갤럭시,","출시일 : 17년 09월, 요약모델 : SM-R365, 펫네임 : 기어 핏2 Pro, 키워드 : 기어핏2,기어핏2pro,fit2pro,기어fit2프로,Galaxy,갤럭시,"
17년 07월,SM-A720,갤럭시 A7 2017,"A72017,a72017,갤a72017,갤럭시A72017,Galaxy,갤럭시,","출시일 : 17년 07월, 요약모델 : SM-A720, 펫네임 : 갤럭시 A7 2017, 키워드 : A72017,a72017,갤a72017,갤럭시A72017,Galaxy,갤럭시,"
17년 07월,SM-J530,갤럭시 J5 2017,"j52017,J52017,갤J52017,갤럭시j52017,sm-j530,Galaxy,갤럭시,","출시일 : 17년 07월, 요약모델 : SM-J530, 펫네임 : 갤럭시 J5 2017, 키워드 : j52017,J52017,갤J52017,갤럭시j52017,sm-j530,Galaxy,갤럭시,"
17년 07월,SM-J730,갤럭시 J7 2017,"j72017,J72017,갤J72017,갤럭시j72017,SM-J730,smj730,Galaxy,갤럭시,","출시일 : 17년 07월, 요약모델 : SM-J730, 펫네임 : 갤럭시 J7 2017, 키워드 : j72017,J72017,갤J72017,갤럭시j72017,SM-J730,smj730,Galaxy,갤럭시,"
17년 07월,SM-N935,갤럭시 노트 FE,"갤노트fe,notefe,갤럭시노트FE,갤노트FE,Galaxy,갤럭시,","출시일 : 17년 07월, 요약모델 : SM-N935, 펫네임 : 갤럭시 노트 FE, 키워드 : 갤노트fe,notefe,갤럭시노트FE,갤노트FE,Galaxy,갤럭시,"
17년 06월,SM-G160,갤럭시 폴더2,"갤럭시폴더2,갤폴더2.sm-g160,SM-G160,Galaxy,갤럭시,","출시일 : 17년 06월, 요약모델 : SM-G160, 펫네임 : 갤럭시 폴더2, 키워드 : 갤럭시폴더2,갤폴더2.sm-g160,SM-G160,Galaxy,갤럭시,"
17년 06월,SM-G165,갤럭시 폴더2,"갤럭시폴더2,갤폴더2.sm-g165,SM-G165,Galaxy,갤럭시,","출시일 : 17년 06월, 요약모델 : SM-G165, 펫네임 : 갤럭시 폴더2, 키워드 : 갤럭시폴더2,갤폴더2.sm-g165,SM-G165,Galaxy,갤럭시,"
17년 05월,SM-J727,갤럭시 와이드2,"갤럭시와이드2,갤럭시WIDE2,갤럭시와이드,와이드2,WIDE2,Galaxywide2,Galaxy와이드2,SM-J727,J727,갤럭시J727,갤와이드2,Galaxy,갤럭시,","출시일 : 17년 05월, 요약모델 : SM-J727, 펫네임 : 갤럭시 와이드2, 키워드 : 갤럭시와이드2,갤럭시WIDE2,갤럭시와이드,와이드2,WIDE2,Galaxywide2,Galaxy와이드2,SM-J727,J727,갤럭시J727,갤와이드2,Galaxy,갤럭시,"
17년 04월,SM-G950,갤럭시 S8,"SM-G950,갤럭시s8,GALAXYs8,갤s8,에스8,galaxys8,갤G950,G950,겔록시s8,갤락시s8,갤에스8,Galaxy,갤럭시,","출시일 : 17년 04월, 요약모델 : SM-G950, 펫네임 : 갤럭시 S8, 키워드 : SM-G950,갤럭시s8,GALAXYs8,갤s8,에스8,galaxys8,갤G950,G950,겔록시s8,갤락시s8,갤에스8,Galaxy,갤럭시,"
17년 04월,SM-G955,갤럭시 S8+,"SM-G955,갤럭시s8+,s8+,s8플러스,갤8+,에스8+,s8PLUS,GALAXYs8+,Galaxys8플러스,galaxys8+,갤8플러스,G955,갤럭시G955,갤럭시s8+,Galaxy,갤럭시,","출시일 : 17년 04월, 요약모델 : SM-G955, 펫네임 : 갤럭시 S8+, 키워드 : SM-G955,갤럭시s8+,s8+,s8플러스,갤8+,에스8+,s8PLUS,GALAXYs8+,Galaxys8플러스,galaxys8+,갤8플러스,G955,갤럭시G955,갤럭시s8+,Galaxy,갤럭시,"
17년 04월,SM-T820,갤럭시 탭 S3,"갤럭시탭s3,갤탭s3,갤탭s3,갤럭시태블릿에스3,갤럭시탭s3,SM-T820,갤럭시탭s3,T820,갤탭S3,Galaxy,갤럭시,","출시일 : 17년 04월, 요약모델 : SM-T820, 펫네임 : 갤럭시 탭 S3, 키워드 : 갤럭시탭s3,갤탭s3,갤탭s3,갤럭시태블릿에스3,갤럭시탭s3,SM-T820,갤럭시탭s3,T820,갤탭S3,Galaxy,갤럭시,"
17년 04월,SM-T825,갤럭시 탭 S 9.7 LTE,"탭S9.7lte,TABS9.7LTE,TABS9.7LTE,tabS9.7,태블릿S9.7,S9.7lte,S9.7LTE,탭S9.7,탭S9.7lte,S9.7L,SM-T825,Galaxy,갤럭시,","출시일 : 17년 04월, 요약모델 : SM-T825, 펫네임 : 갤럭시 탭 S 9.7 LTE, 키워드 : 탭S9.7lte,TABS9.7LTE,TABS9.7LTE,tabS9.7,태블릿S9.7,S9.7lte,S9.7LTE,탭S9.7,탭S9.7lte,S9.7L,SM-T825,Galaxy,갤럭시,"
17년 04월,SM-T378,갤럭시 탭 E 블랙,"갤럭시탭E,갤탭E,갤탭E,갤럭시태블릿E,갤럭시탭E,SM-T378,갤럭시탭E,T378,갤탭E검정,Galaxy,갤럭시,","출시일 : 17년 04월, 요약모델 : SM-T378, 펫네임 : 갤럭시 탭 E 블랙, 키워드 : 갤럭시탭E,갤탭E,갤탭E,갤럭시태블릿E,갤럭시탭E,SM-T378,갤럭시탭E,T378,갤탭E검정,Galaxy,갤럭시,"
17년 01월,SM-A520,갤럭시 A5 2017,"갤A52017,갤a520,갤sm-a520,Galaxy,갤럭시,","출시일 : 17년 01월, 요약모델 : SM-A520, 펫네임 : 갤럭시 A5 2017, 키워드 : 갤A52017,갤a520,갤sm-a520,Galaxy,갤럭시,"
17년 01월,SM-R775,기어 S3 클래식 LTE,"기어s3클래식,s3클래식,S3클래식,기어s3classiclte,갤럭시기어s3,기어s3lte,Galaxy,갤럭시,","출시일 : 17년 01월, 요약모델 : SM-R775, 펫네임 : 기어 S3 클래식 LTE, 키워드 : 기어s3클래식,s3클래식,S3클래식,기어s3classiclte,갤럭시기어s3,기어s3lte,Galaxy,갤럭시,"
16년 11월,SM-G610,갤럭시 On7 2016,"갤on7,갤럭시온7,갤럭시on7,갤럭시ON7,Galaxy,갤럭시,","출시일 : 16년 11월, 요약모델 : SM-G610, 펫네임 : 갤럭시 On7 2016, 키워드 : 갤on7,갤럭시온7,갤럭시on7,갤럭시ON7,Galaxy,갤럭시,"
16년 11월,SM-R760,기어 S3,"기어s3,갤럭시기어s3,기어s3,갤럭시기어s3,기어s3,Galaxy,갤럭시,","출시일 : 16년 11월, 요약모델 : SM-R760, 펫네임 : 기어 S3, 키워드 : 기어s3,갤럭시기어s3,기어s3,갤럭시기어s3,기어s3,Galaxy,갤럭시,"
16년 11월,SM-R765,기어 S3 프론티어 LTE,"기어s3프론티어,s3프론티아,S3프론티어lte,기어s3프리티어lte,갤럭시기어s3,기어s3lte,s3프리티어,기어s3푸론디아,Galaxy,갤럭시,","출시일 : 16년 11월, 요약모델 : SM-R765, 펫네임 : 기어 S3 프론티어 LTE, 키워드 : 기어s3프론티어,s3프론티아,S3프론티어lte,기어s3프리티어lte,갤럭시기어s3,기어s3lte,s3프리티어,기어s3푸론디아,Galaxy,갤럭시,"
16년 11월,SM-R770,기어 S3 클래식,"기어s3클래식,s3클래식,S3클래식,기어s3classic,갤럭시기어s3,Galaxy,갤럭시,","출시일 : 16년 11월, 요약모델 : SM-R770, 펫네임 : 기어 S3 클래식, 키워드 : 기어s3클래식,s3클래식,S3클래식,기어s3classic,갤럭시기어s3,Galaxy,갤럭시,"
16년 10월,SM-A810,갤럭시 A8 2016,"a82016,갤a82016,갤럭시A8,A82016,sm-a810,Galaxy,갤럭시,","출시일 : 16년 10월, 요약모델 : SM-A810, 펫네임 : 갤럭시 A8 2016, 키워드 : a82016,갤a82016,갤럭시A8,A82016,sm-a810,Galaxy,갤럭시,"
16년 09월,SM-P580,갤럭시 탭 A6 With S Pen Wi-Fi,"갤럭시탭a6withspen,탭a6pen,탭a6에스펜,탭A6S펜,탭A6S펜와이파이,갤럭시탭A6WithSPenWi-Fi,SM-P580,탭P580,Galaxy,갤럭시,","출시일 : 16년 09월, 요약모델 : SM-P580, 펫네임 : 갤럭시 탭 A6 With S Pen Wi-Fi, 키워드 : 갤럭시탭a6withspen,탭a6pen,탭a6에스펜,탭A6S펜,탭A6S펜와이파이,갤럭시탭A6WithSPenWi-Fi,SM-P580,탭P580,Galaxy,갤럭시,"
16년 08월,SM-N930,갤럭시 노트7,"노트7,갤럭시노트7,note7,갤노트7,GalaxyNote7,N930,SM-N930,NOTESEVEN,Galaxy,갤럭시,","출시일 : 16년 08월, 요약모델 : SM-N930, 펫네임 : 갤럭시 노트7, 키워드 : 노트7,갤럭시노트7,note7,갤노트7,GalaxyNote7,N930,SM-N930,NOTESEVEN,Galaxy,갤럭시,"
16년 08월,SM-P585,갤럭시 탭 A6 With S Pen LTE,"갤럭시탭a6withspen,탭a6pen,탭a6에스펜,탭A6S펜,탭A6S펜LTE,갤럭시탭A6WithSPenLTE,SM-P585,탭P585,Galaxy,갤럭시,","출시일 : 16년 08월, 요약모델 : SM-P585, 펫네임 : 갤럭시 탭 A6 With S Pen LTE, 키워드 : 갤럭시탭a6withspen,탭a6pen,탭a6에스펜,탭A6S펜,탭A6S펜LTE,갤럭시탭A6WithSPenLTE,SM-P585,탭P585,Galaxy,갤럭시,"
16년 06월,SM-G600,갤럭시 와이드,"갤럭시와이드,갤럭시WIDE,갤럭시와이드,와이드,WIDE,Galaxywide,Galaxy와이드,갤럭시와이드,Galaxy,갤럭시,","출시일 : 16년 06월, 요약모델 : SM-G600, 펫네임 : 갤럭시 와이드, 키워드 : 갤럭시와이드,갤럭시WIDE,갤럭시와이드,와이드,WIDE,Galaxywide,Galaxy와이드,갤럭시와이드,Galaxy,갤럭시,"
16년 06월,SM-R360,기어 핏2,"기어핏2,기어핏2,GEARFIT2,fit2,기어fit2,R360,SM-R360,Galaxy,갤럭시,","출시일 : 16년 06월, 요약모델 : SM-R360, 펫네임 : 기어 핏2, 키워드 : 기어핏2,기어핏2,GEARFIT2,fit2,기어fit2,R360,SM-R360,Galaxy,갤럭시,"
16년 06월,SM-T580,갤럭시 탭 A 10.1 Wi-Fi,"탭a10.1,탭A10.1,갤럭시탭A10.1WiFi,Galaxy,갤럭시,","출시일 : 16년 06월, 요약모델 : SM-T580, 펫네임 : 갤럭시 탭 A 10.1 Wi-Fi, 키워드 : 탭a10.1,탭A10.1,갤럭시탭A10.1WiFi,Galaxy,갤럭시,"
16년 06월,SM-T585,갤럭시 탭 A 10.1 LTE,"탭a10.1LTE,탭A10.1,갤럭시탭A10.1lte,Galaxy,갤럭시,","출시일 : 16년 06월, 요약모델 : SM-T585, 펫네임 : 갤럭시 탭 A 10.1 LTE, 키워드 : 탭a10.1LTE,탭A10.1,갤럭시탭A10.1lte,Galaxy,갤럭시,"
16년 06월,SM-T536,갤럭시 탭4 Advanced,"갤탭4어드벤스,탭4어드밴스,TAB4어드밴스,tab4Advanced,Tab4Advanced,Galaxy,갤럭시,","출시일 : 16년 06월, 요약모델 : SM-T536, 펫네임 : 갤럭시 탭4 Advanced, 키워드 : 갤탭4어드벤스,탭4어드밴스,TAB4어드밴스,tab4Advanced,Tab4Advanced,Galaxy,갤럭시,"
16년 05월,SM-T713,갤럭시 탭 S2 8.0 Wi-Fi,"탭S28.0,탭S28.0,갤럭시탭S28.0,tabs28.0,Galaxy,갤럭시,","출시일 : 16년 05월, 요약모델 : SM-T713, 펫네임 : 갤럭시 탭 S2 8.0 Wi-Fi, 키워드 : 탭S28.0,탭S28.0,갤럭시탭S28.0,tabs28.0,Galaxy,갤럭시,"
16년 05월,SM-T813,갤럭시 탭 S2 9.7 Wi-Fi,"탭S29.7,탭S29.7,갤럭시탭S29.7,TABS2,tabs29.7,Galaxy,갤럭시,","출시일 : 16년 05월, 요약모델 : SM-T813, 펫네임 : 갤럭시 탭 S2 9.7 Wi-Fi, 키워드 : 탭S29.7,탭S29.7,갤럭시탭S29.7,TABS2,tabs29.7,Galaxy,갤럭시,"
16년 04월,SM-J320,갤럭시 J3 2016,"SMJ320,J32016,GalaxyJ3,갤럭시J3,겔럭시J3,J320,Galaxy,갤럭시,","출시일 : 16년 04월, 요약모델 : SM-J320, 펫네임 : 갤럭시 J3 2016, 키워드 : SMJ320,J32016,GalaxyJ3,갤럭시J3,겔럭시J3,J320,Galaxy,갤럭시,"
16년 04월,SM-J510,갤럭시 J5 2016,"J510,SMJ510,J52016,갤럭시J5,GalaxyJ5,GalaxyJ5,Galaxy,갤럭시,","출시일 : 16년 04월, 요약모델 : SM-J510, 펫네임 : 갤럭시 J5 2016, 키워드 : J510,SMJ510,J52016,갤럭시J5,GalaxyJ5,GalaxyJ5,Galaxy,갤럭시,"
16년 04월,SM-J710,갤럭시 J7 2016,"J7102016,SMJ710,J72016,갤럭시J7,GalaxyJ7,GalaxyJ72016,Galaxy,갤럭시,","출시일 : 16년 04월, 요약모델 : SM-J710, 펫네임 : 갤럭시 J7 2016, 키워드 : J7102016,SMJ710,J72016,갤럭시J7,GalaxyJ7,GalaxyJ72016,Galaxy,갤럭시,"
16년 04월,SM-T280,갤럭시 탭 A 2016 7.0,"탭A20167.0,TABA2016,TABA20167.0,taba2016,태블릿a2016,a20167.0,A20167.0,탭에이2016,탭A20167.0,A20167.0,SM-T280,Galaxy,갤럭시,","출시일 : 16년 04월, 요약모델 : SM-T280, 펫네임 : 갤럭시 탭 A 2016 7.0, 키워드 : 탭A20167.0,TABA2016,TABA20167.0,taba2016,태블릿a2016,a20167.0,A20167.0,탭에이2016,탭A20167.0,A20167.0,SM-T280,Galaxy,갤럭시,"
16년 03월,SM-A310,갤럭시 A3 2016,"A310,SMA310,A32016,갤럭시A3,GalaxyA3,GalaxyJ6,Galaxy,갤럭시,","출시일 : 16년 03월, 요약모델 : SM-A310, 펫네임 : 갤럭시 A3 2016, 키워드 : A310,SMA310,A32016,갤럭시A3,GalaxyA3,GalaxyJ6,Galaxy,갤럭시,"
16년 03월,SM-G930,갤럭시 S7,"SM-G930,갤럭시s7,GALAXYs7,갤s7,에스7,galaxys7,갤G930,G930,겔록시s7,갤락시s7,갤에스7,Galaxy,갤럭시,","출시일 : 16년 03월, 요약모델 : SM-G930, 펫네임 : 갤럭시 S7, 키워드 : SM-G930,갤럭시s7,GALAXYs7,갤s7,에스7,galaxys7,갤G930,G930,겔록시s7,갤락시s7,갤에스7,Galaxy,갤럭시,"
16년 03월,SM-G935,갤럭시 S7 엣지,"SM-G935,갤럭시s7엣지,GALAXYs7엣지,갤s7,에스7,galaxys7,갤G935,G935,겔록시s7,갤락시s7,갤에스7엣지,Galaxy,갤럭시,","출시일 : 16년 03월, 요약모델 : SM-G935, 펫네임 : 갤럭시 S7 엣지, 키워드 : SM-G935,갤럭시s7엣지,GALAXYs7엣지,갤s7,에스7,galaxys7,갤G935,G935,겔록시s7,갤락시s7,갤에스7엣지,Galaxy,갤럭시,"
16년 02월,SM-T375,갤럭시 탭 E,"갤럭시탭E,갤탭E,갤탭E,갤럭시태블릿E,갤럭시탭E,SM-T375,갤럭시탭E,T375,갤탭E,Galaxy,갤럭시,","출시일 : 16년 02월, 요약모델 : SM-T375, 펫네임 : 갤럭시 탭 E, 키워드 : 갤럭시탭E,갤탭E,갤탭E,갤럭시태블릿E,갤럭시탭E,SM-T375,갤럭시탭E,T375,갤탭E,Galaxy,갤럭시,"
16년 02월,SM-T670,갤럭시 뷰,"태블릿뷰,갤럭시뷰,갤럭시탭뷰,Galaxy,갤럭시,","출시일 : 16년 02월, 요약모델 : SM-T670, 펫네임 : 갤럭시 뷰, 키워드 : 태블릿뷰,갤럭시뷰,갤럭시탭뷰,Galaxy,갤럭시,"
16년 01월,SM-A510,갤럭시 A5 2016,"a510,SMa510,a52016,갤럭시a5,Galaxya5,GalaxyA5,Galaxy,갤럭시,","출시일 : 16년 01월, 요약모델 : SM-A510, 펫네임 : 갤럭시 A5 2016, 키워드 : a510,SMa510,a52016,갤럭시a5,Galaxya5,GalaxyA5,Galaxy,갤럭시,"
16년 01월,SM-A710,갤럭시 A7 2016,"A7102016,SMA710,A72016,갤럭시A7,GalaxyA7,GalaxyA72016,Galaxy,갤럭시,","출시일 : 16년 01월, 요약모델 : SM-A710, 펫네임 : 갤럭시 A7 2016, 키워드 : A7102016,SMA710,A72016,갤럭시A7,GalaxyA7,GalaxyA72016,Galaxy,갤럭시,"
16년 01월,SM-T677,갤럭시 뷰 LTE,"태블릿뷰LTE,갤럭시뷰lte,갤럭시탭뷰lte,Galaxy,갤럭시,","출시일 : 16년 01월, 요약모델 : SM-T677, 펫네임 : 갤럭시 뷰 LTE, 키워드 : 태블릿뷰LTE,갤럭시뷰lte,갤럭시탭뷰lte,Galaxy,갤럭시,"
15년 12월,SM-R735,기어 S2 밴드 클래식,"기어s2밴드클래식,기어s2밴드classic,s2밴드classic,s2밴드classic,S2밴드클래식,Galaxy,갤럭시,","출시일 : 15년 12월, 요약모델 : SM-R735, 펫네임 : 기어 S2 밴드 클래식, 키워드 : 기어s2밴드클래식,기어s2밴드classic,s2밴드classic,s2밴드classic,S2밴드클래식,Galaxy,갤럭시,"
15년 11월,SM-J700,갤럭시 J7,"J700,SMJ700,J7,갤럭시J7,GalaxyJ7,GalaxyJ7,Galaxy,갤럭시,","출시일 : 15년 11월, 요약모델 : SM-J700, 펫네임 : 갤럭시 J7, 키워드 : J700,SMJ700,J7,갤럭시J7,GalaxyJ7,GalaxyJ7,Galaxy,갤럭시,"
15년 10월,SM-R730,기어 S2 밴드,"기어s2밴드,기어s2밴드classic,s2밴드classic,s2밴드classic,S2밴드,Galaxy,갤럭시,","출시일 : 15년 10월, 요약모델 : SM-R730, 펫네임 : 기어 S2 밴드, 키워드 : 기어s2밴드,기어s2밴드classic,s2밴드classic,s2밴드classic,S2밴드,Galaxy,갤럭시,"
15년 09월,SM-R720,기어 S2,"기어s2,갤럭시기어s2,기어s2,갤럭시기어s2,기어s2,Galaxy,갤럭시,","출시일 : 15년 09월, 요약모델 : SM-R720, 펫네임 : 기어 S2, 키워드 : 기어s2,갤럭시기어s2,기어s2,갤럭시기어s2,기어s2,Galaxy,갤럭시,"
15년 09월,SM-R732,기어 S2 클래식,"기어s2클래식,갤럭시기어s2,기어s2,갤럭시기어s2classic,기어s2classic,Galaxy,갤럭시,","출시일 : 15년 09월, 요약모델 : SM-R732, 펫네임 : 기어 S2 클래식, 키워드 : 기어s2클래식,갤럭시기어s2,기어s2,갤럭시기어s2classic,기어s2classic,Galaxy,갤럭시,"
15년 08월,SM-G928,갤럭시 S6 엣지+,"SM-G928,갤럭시s6엣지+,GALAXYs6엣지플러스,갤s6플라스,에스6엣지+,galaxys6엣지플라스,갤G928,G928,겔록시s6,갤락시s6,갤에스6엣지+,Galaxy,갤럭시,","출시일 : 15년 08월, 요약모델 : SM-G928, 펫네임 : 갤럭시 S6 엣지+, 키워드 : SM-G928,갤럭시s6엣지+,GALAXYs6엣지플러스,갤s6플라스,에스6엣지+,galaxys6엣지플라스,갤G928,G928,겔록시s6,갤락시s6,갤에스6엣지+,Galaxy,갤럭시,"
15년 08월,SM-N920,갤럭시 노트5,"노트5,갤럭시노트5,note5,갤노트5,GalaxyNote5,Galaxy,갤럭시,","출시일 : 15년 08월, 요약모델 : SM-N920, 펫네임 : 갤럭시 노트5, 키워드 : 노트5,갤럭시노트5,note5,갤노트5,GalaxyNote5,Galaxy,갤럭시,"
15년 08월,SM-T715,갤럭시 탭 S2 8.0 LTE,"탭S28.0LTE,탭S28.0,갤럭시탭S28.0,TABS2,tabs28.0LTE,Galaxy,갤럭시,","출시일 : 15년 08월, 요약모델 : SM-T715, 펫네임 : 갤럭시 탭 S2 8.0 LTE, 키워드 : 탭S28.0LTE,탭S28.0,갤럭시탭S28.0,TABS2,tabs28.0LTE,Galaxy,갤럭시,"
15년 08월,SM-T815,갤럭시 탭 S2 9.7 LTE,"탭S29.7,탭S29.7,갤럭시탭S29.7,TABS2,tabs29.7,Galaxy,갤럭시,","출시일 : 15년 08월, 요약모델 : SM-T815, 펫네임 : 갤럭시 탭 S2 9.7 LTE, 키워드 : 탭S29.7,탭S29.7,갤럭시탭S29.7,TABS2,tabs29.7,Galaxy,갤럭시,"
15년 07월,SM-A800,갤럭시 A8,"갤a8,갤럭시A8,sm-a800,갤럭시A8,갤럭시A8,Galaxy,갤럭시,","출시일 : 15년 07월, 요약모델 : SM-A800, 펫네임 : 갤럭시 A8, 키워드 : 갤a8,갤럭시A8,sm-a800,갤럭시A8,갤럭시A8,Galaxy,갤럭시,"
15년 07월,SM-G150,갤럭시 폴더,"갤럭시폴더폰,삼성폴더,갤럭시폴더,GalaxyFolder,Galaxy,갤럭시,","출시일 : 15년 07월, 요약모델 : SM-G150, 펫네임 : 갤럭시 폴더, 키워드 : 갤럭시폴더폰,삼성폴더,갤럭시폴더,GalaxyFolder,Galaxy,갤럭시,"
15년 07월,SM-G155,갤럭시 폴더,"갤럭시폴더폰,삼성폴더,갤럭시폴더,GalaxyFolder,Galaxy,갤럭시,","출시일 : 15년 07월, 요약모델 : SM-G155, 펫네임 : 갤럭시 폴더, 키워드 : 갤럭시폴더폰,삼성폴더,갤럭시폴더,GalaxyFolder,Galaxy,갤럭시,"
15년 07월,SM-J500,갤럭시 J5,"J500,SMJ500,J5,갤럭시J5,GalaxyJ5,GalaxyJ5,Galaxy,갤럭시,","출시일 : 15년 07월, 요약모델 : SM-J500, 펫네임 : 갤럭시 J5, 키워드 : J500,SMJ500,J5,갤럭시J5,GalaxyJ5,GalaxyJ5,Galaxy,갤럭시,"
15년 05월,SM-P555,갤럭시 탭 A With S Pen LTE,"갤럭시탭altespen,탭apen,탭a에스펜,탭AS펜,탭AS펜LTE,갤럭시탭AWithSPenLTE,SM-P555,탭P555,Galaxy,갤럭시,","출시일 : 15년 05월, 요약모델 : SM-P555, 펫네임 : 갤럭시 탭 A With S Pen LTE, 키워드 : 갤럭시탭altespen,탭apen,탭a에스펜,탭AS펜,탭AS펜LTE,갤럭시탭AWithSPenLTE,SM-P555,탭P555,Galaxy,갤럭시,"
15년 04월,SM-G920,갤럭시 S6,"SM-G920,갤럭시s6,GALAXYs6,갤s6,에스6,galaxys6,갤G920,G920,겔록시s6,갤락시s6,갤에스6,Galaxy,갤럭시,","출시일 : 15년 04월, 요약모델 : SM-G920, 펫네임 : 갤럭시 S6, 키워드 : SM-G920,갤럭시s6,GALAXYs6,갤s6,에스6,galaxys6,갤G920,G920,겔록시s6,갤락시s6,갤에스6,Galaxy,갤럭시,"
15년 04월,SM-G925,갤럭시 S6 엣지,"SM-G925,갤럭시s6엣지,GALAXYs6엣지,갤s6,에스6,galaxys6,갤G925,G925,겔록시s6,갤락시s6,갤에스6엣지,Galaxy,갤럭시,","출시일 : 15년 04월, 요약모델 : SM-G925, 펫네임 : 갤럭시 S6 엣지, 키워드 : SM-G925,갤럭시s6엣지,GALAXYs6엣지,갤s6,에스6,galaxys6,갤G925,G925,겔록시s6,갤락시s6,갤에스6엣지,Galaxy,갤럭시,"
15년 04월,SM-P550,갤럭시 탭 A With S Pen Wi-Fi,"갤럭시탭awifispen,탭apen,탭a에스펜,탭AS펜,탭AS펜와이파이,갤럭시탭AWithSPenwifi,SM-P550,탭P550,Galaxy,갤럭시,","출시일 : 15년 04월, 요약모델 : SM-P550, 펫네임 : 갤럭시 탭 A With S Pen Wi-Fi, 키워드 : 갤럭시탭awifispen,탭apen,탭a에스펜,탭AS펜,탭AS펜와이파이,갤럭시탭AWithSPenwifi,SM-P550,탭P550,Galaxy,갤럭시,"
15년 04월,SM-T550,갤럭시 탭 A,"갤탭A,TABA,갤TABA,taba,태블릿텝a,SM-T550,갤탭a,갤럭시tabA,Galaxy,갤럭시,","출시일 : 15년 04월, 요약모델 : SM-T550, 펫네임 : 갤럭시 탭 A, 키워드 : 갤탭A,TABA,갤TABA,taba,태블릿텝a,SM-T550,갤탭a,갤럭시tabA,Galaxy,갤럭시,"
15년 04월,SM-T365,갤럭시 탭 액티브,"갤럭시탭액티브,탭액티브,tabactive,TABactive,갤럭시active,Galaxy,갤럭시,","출시일 : 15년 04월, 요약모델 : SM-T365, 펫네임 : 갤럭시 탭 액티브, 키워드 : 갤럭시탭액티브,탭액티브,tabactive,TABactive,갤럭시active,Galaxy,갤럭시,"
15년 01월,SM-A500,갤럭시 A5,"a500,SMa500,a5,갤럭시a5,Galaxya5,GalaxyA5,Galaxy,갤럭시,","출시일 : 15년 01월, 요약모델 : SM-A500, 펫네임 : 갤럭시 A5, 키워드 : a500,SMa500,a5,갤럭시a5,Galaxya5,GalaxyA5,Galaxy,갤럭시,"
15년 01월,SM-A700,갤럭시 A7,"A700,SMA700,A7,갤럭시A7,GalaxyA7,GalaxyA7,Galaxy,갤럭시,","출시일 : 15년 01월, 요약모델 : SM-A700, 펫네임 : 갤럭시 A7, 키워드 : A700,SMA700,A7,갤럭시A7,GalaxyA7,GalaxyA7,Galaxy,갤럭시,"
15년 01월,SM-G720,갤럭시 그랜드 맥스,"갤럭시그랜드맥스,그랜드맥스,그랜드MAX,갤그랜드맥스,smg720,Galaxy,갤럭시,","출시일 : 15년 01월, 요약모델 : SM-G720, 펫네임 : 갤럭시 그랜드 맥스, 키워드 : 갤럭시그랜드맥스,그랜드맥스,그랜드MAX,갤그랜드맥스,smg720,Galaxy,갤럭시,"
15년 01월,SM-N916,갤럭시 노트4 S-LTE,"노트4s-lte,갤럭시노트4lte,note4,갤노트4lte,GalaxyNote4S-LTE,Galaxy,갤럭시,","출시일 : 15년 01월, 요약모델 : SM-N916, 펫네임 : 갤럭시 노트4 S-LTE, 키워드 : 노트4s-lte,갤럭시노트4lte,note4,갤노트4lte,GalaxyNote4S-LTE,Galaxy,갤럭시,"
14년 12월,SM-N915,갤럭시 노트 엣지,"노트엣지,갤럭시노트엣지,note엣지,갤노트엣지,GalaxyNote엣지,Galaxy,갤럭시,","출시일 : 14년 12월, 요약모델 : SM-N915, 펫네임 : 갤럭시 노트 엣지, 키워드 : 노트엣지,갤럭시노트엣지,note엣지,갤노트엣지,GalaxyNote엣지,Galaxy,갤럭시,"
14년 10월,SM-R750,기어 S,"smr750,기어s,갤럭시기어s,기어s,갤럭시기어s,기어s,Galaxy,갤럭시,","출시일 : 14년 10월, 요약모델 : SM-R750, 펫네임 : 기어 S, 키워드 : smr750,기어s,갤럭시기어s,기어s,갤럭시기어s,기어s,Galaxy,갤럭시,"
14년 10월,SM-T805,갤럭시 탭 S 10.5 광대역 LTE-A,"sm-t805,탭s10.5,Galaxy,갤럭시,","출시일 : 14년 10월, 요약모델 : SM-T805, 펫네임 : 갤럭시 탭 S 10.5 광대역 LTE-A, 키워드 : sm-t805,탭s10.5,Galaxy,갤럭시,"
14년 09월,SM-G850,갤럭시 알파,"smg850,갤럭시알파,삼성갤럭시알파,Galaxy,갤럭시,","출시일 : 14년 09월, 요약모델 : SM-G850, 펫네임 : 갤럭시 알파, 키워드 : smg850,갤럭시알파,삼성갤럭시알파,Galaxy,갤럭시,"
14년 09월,SM-N910,갤럭시 노트4,"노트4,갤럭시노트4,note4,갤노트4,GalaxyNote4,Galaxy,갤럭시,","출시일 : 14년 09월, 요약모델 : SM-N910, 펫네임 : 갤럭시 노트4, 키워드 : 노트4,갤럭시노트4,note4,갤노트4,GalaxyNote4,Galaxy,갤럭시,"
14년 07월,SM-T700,갤럭시 탭 S 8.4,"탭s8.4,태블릿s8.4,smt700,갤럭시탭S8.4,Galaxy,갤럭시,","출시일 : 14년 07월, 요약모델 : SM-T700, 펫네임 : 갤럭시 탭 S 8.4, 키워드 : 탭s8.4,태블릿s8.4,smt700,갤럭시탭S8.4,Galaxy,갤럭시,"
14년 07월,SM-T800,갤럭시 탭 S 10.5,"탭s10.5,태블릿s10.5,smt800,갤럭시탭S10.5,Galaxy,갤럭시,","출시일 : 14년 07월, 요약모델 : SM-T800, 펫네임 : 갤럭시 탭 S 10.5, 키워드 : 탭s10.5,태블릿s10.5,smt800,갤럭시탭S10.5,Galaxy,갤럭시,"
14년 07월,SM-T330,갤럭시 탭4 8.0 Wi-Fi,"갤탭48.0와이파이,태블릿48.0WIFI,탭48.0와파,smt330,Galaxy,갤럭시,","출시일 : 14년 07월, 요약모델 : SM-T330, 펫네임 : 갤럭시 탭4 8.0 Wi-Fi, 키워드 : 갤탭48.0와이파이,태블릿48.0WIFI,탭48.0와파,smt330,Galaxy,갤럭시,"
14년 07월,SM-T530,갤럭시 탭4 10.1,"탭410.1,tab410.1,Galaxy,갤럭시,","출시일 : 14년 07월, 요약모델 : SM-T530, 펫네임 : 갤럭시 탭4 10.1, 키워드 : 탭410.1,tab410.1,Galaxy,갤럭시,"
14년 06월,SM-G906,갤러시 S5 광대역 LTE-A,"갤s5lte,smg906,G906,Galaxy,갤럭시,","출시일 : 14년 06월, 요약모델 : SM-G906, 펫네임 : 갤러시 S5 광대역 LTE-A, 키워드 : 갤s5lte,smg906,G906,Galaxy,갤럭시,"
14년 06월,SM-P905,갤럭시 노트 프로 12.2,"노트프로12.2,갤럭시노트프로12.2,note프로12.2,갤노트프로,GalaxyNote프로12.2,Galaxy,갤럭시,","출시일 : 14년 06월, 요약모델 : SM-P905, 펫네임 : 갤럭시 노트 프로 12.2, 키워드 : 노트프로12.2,갤럭시노트프로12.2,note프로12.2,갤노트프로,GalaxyNote프로12.2,Galaxy,갤럭시,"
14년 06월,SM-T335,갤럭시 탭4 8.0 LTE,"갤탭48.0lte,태블릿48.0,탭48.0LTE,smt335,Galaxy,갤럭시,","출시일 : 14년 06월, 요약모델 : SM-T335, 펫네임 : 갤럭시 탭4 8.0 LTE, 키워드 : 갤탭48.0lte,태블릿48.0,탭48.0LTE,smt335,Galaxy,갤럭시,"
14년 05월,SM-T255,갤럭시 W,"갤럭시w,갤럭시더블유,sm-t255,Galaxy,갤럭시,","출시일 : 14년 05월, 요약모델 : SM-T255, 펫네임 : 갤럭시 W, 키워드 : 갤럭시w,갤럭시더블유,sm-t255,Galaxy,갤럭시,"
14년 03월,SM-G900,갤럭시 S5,"SM-G900,갤럭시s5,GALAXYs5,갤s5,에스5,galaxys5,갤G900,G900,겔록시s5,갤락시s5,갤에스5,Galaxy,갤럭시,","출시일 : 14년 03월, 요약모델 : SM-G900, 펫네임 : 갤럭시 S5, 키워드 : SM-G900,갤럭시s5,GALAXYs5,갤s5,에스5,galaxys5,갤G900,G900,겔록시s5,갤락시s5,갤에스5,Galaxy,갤럭시,"
14년 03월,SM-G710,갤럭시 그랜드2,"그랜드2,갤그랜드2,G710,SM-G710,Galaxy,갤럭시,","출시일 : 14년 03월, 요약모델 : SM-G710, 펫네임 : 갤럭시 그랜드2, 키워드 : 그랜드2,갤그랜드2,G710,SM-G710,Galaxy,갤럭시,"
14년 02월,SM-N750,갤럭시 노트3 네오,"노트3네오,NOTE3네오,갤노트네오,GalaxyNote3네오,Galaxy,갤럭시,","출시일 : 14년 02월, 요약모델 : SM-N750, 펫네임 : 갤럭시 노트3 네오, 키워드 : 노트3네오,NOTE3네오,갤노트네오,GalaxyNote3네오,Galaxy,갤럭시,"
14년 02월,SM-T320,갤럭시 탭 프로,"탭프로,T320,sm-t320,갤탭프로,갤럭시 탭프로,Galaxy,갤럭시,","출시일 : 14년 02월, 요약모델 : SM-T320, 펫네임 : 갤럭시 탭 프로, 키워드 : 탭프로,T320,sm-t320,갤탭프로,갤럭시 탭프로,Galaxy,갤럭시,"
14년 01월,SM-P900,갤럭시 노트 프로,"노트프로,갤럭시노트프로,note프로,갤노트프로,GalaxyNote프로,P900,SM-P900,Galaxy,갤럭시,","출시일 : 14년 01월, 요약모델 : SM-P900, 펫네임 : 갤럭시 노트 프로, 키워드 : 노트프로,갤럭시노트프로,note프로,갤노트프로,GalaxyNote프로,P900,SM-P900,Galaxy,갤럭시,"
